23 Nov 1936,N0EEAAAAMBAJ
30 Nov 1936,NEEEAAAAMBAJ
7 Dec 1936,NkEEAAAAMBAJ
14 Dec 1936,QEEEAAAAMBAJ
21 Dec 1936,PUEEAAAAMBAJ
28 Dec 1936,P0EEAAAAMBAJ
4 Jan 1937,lUsEAAAAMBAJ
11 Jan 1937,lksEAAAAMBAJ
18 Jan 1937,qEsEAAAAMBAJ
25 Jan 1937,rksEAAAAMBAJ
1 Feb 1937,tUsEAAAAMBAJ
8 Feb 1937,RlEEAAAAMBAJ
15 Feb 1937,WFEEAAAAMBAJ
22 Feb 1937,VFEEAAAAMBAJ
1 Mar 1937,TFEEAAAAMBAJ
8 Mar 1937,QlEEAAAAMBAJ
15 Mar 1937,RFEEAAAAMBAJ
22 Mar 1937,PlEEAAAAMBAJ
29 Mar 1937,SVEEAAAAMBAJ
5 Apr 1937,OVEEAAAAMBAJ
12 Apr 1937,gUsEAAAAMBAJ
19 Apr 1937,kksEAAAAMBAJ
26 Apr 1937,5E4EAAAAMBAJ
3 May 1937,vUQEAAAAMBAJ
10 May 1937,vEQEAAAAMBAJ
17 May 1937,xkQEAAAAMBAJ
24 May 1937,1kQEAAAAMBAJ
31 May 1937,y0UEAAAAMBAJ
7 Jun 1937,xEQEAAAAMBAJ
14 Jun 1937,yUQEAAAAMBAJ
21 Jun 1937,1UQEAAAAMBAJ
28 Jun 1937,uUUEAAAAMBAJ
5 Jul 1937,x0UEAAAAMBAJ
12 Jul 1937,w0UEAAAAMBAJ
19 Jul 1937,xkUEAAAAMBAJ
26 Jul 1937,pEUEAAAAMBAJ
2 Aug 1937,o0UEAAAAMBAJ
9 Aug 1937,oUUEAAAAMBAJ
16 Aug 1937,pkUEAAAAMBAJ
23 Aug 1937,y0QEAAAAMBAJ
30 Aug 1937,wEUEAAAAMBAJ
6 Sep 1937,vkUEAAAAMBAJ
13 Sep 1937,RUgEAAAAMBAJ
20 Sep 1937,OUgEAAAAMBAJ
27 Sep 1937,MUgEAAAAMBAJ
4 Oct 1937,wkQEAAAAMBAJ
11 Oct 1937,0UQEAAAAMBAJ
18 Oct 1937,10QEAAAAMBAJ
25 Oct 1937,0kQEAAAAMBAJ
1 Nov 1937,zEQEAAAAMBAJ
8 Nov 1937,kD8EAAAAMBAJ
15 Nov 1937,kj8EAAAAMBAJ
22 Nov 1937,kz8EAAAAMBAJ
29 Nov 1937,nz8EAAAAMBAJ
6 Dec 1937,mT8EAAAAMBAJ
13 Dec 1937,oT8EAAAAMBAJ
20 Dec 1937,pD8EAAAAMBAJ
27 Dec 1937,lT8EAAAAMBAJ
3 Jan 1938,jkoEAAAAMBAJ
10 Jan 1938,jUoEAAAAMBAJ
17 Jan 1938,wkoEAAAAMBAJ
24 Jan 1938,yEoEAAAAMBAJ
31 Jan 1938,yUoEAAAAMBAJ
7 Feb 1938,0UoEAAAAMBAJ
14 Feb 1938,zEoEAAAAMBAJ
21 Feb 1938,tEoEAAAAMBAJ
28 Feb 1938,skoEAAAAMBAJ
7 Mar 1938,vkoEAAAAMBAJ
14 Mar 1938,wEoEAAAAMBAJ
21 Mar 1938,x0oEAAAAMBAJ
28 Mar 1938,3UoEAAAAMBAJ
4 Apr 1938,40oEAAAAMBAJ
11 Apr 1938,4UoEAAAAMBAJ
18 Apr 1938,5EoEAAAAMBAJ
25 Apr 1938,5koEAAAAMBAJ
2 May 1938,00oEAAAAMBAJ
9 May 1938,0koEAAAAMBAJ
16 May 1938,20oEAAAAMBAJ
23 May 1938,1koEAAAAMBAJ
30 May 1938,3EoEAAAAMBAJ
6 Jun 1938,LU8EAAAAMBAJ
13 Jun 1938,Zk8EAAAAMBAJ
20 Jun 1938,Xk8EAAAAMBAJ
27 Jun 1938,W08EAAAAMBAJ
4 Jul 1938,Tk8EAAAAMBAJ
11 Jul 1938,f08EAAAAMBAJ
18 Jul 1938,nU8EAAAAMBAJ
25 Jul 1938,n08EAAAAMBAJ
1 Aug 1938,lk8EAAAAMBAJ
8 Aug 1938,l08EAAAAMBAJ
15 Aug 1938,gE8EAAAAMBAJ
22 Aug 1938,dU8EAAAAMBAJ
29 Aug 1938,YU8EAAAAMBAJ
5 Sep 1938,EUkEAAAAMBAJ
12 Sep 1938,FkkEAAAAMBAJ
19 Sep 1938,IUkEAAAAMBAJ
26 Sep 1938,f00EAAAAMBAJ
3 Oct 1938,hE0EAAAAMBAJ
10 Oct 1938,jE0EAAAAMBAJ
17 Oct 1938,60wEAAAAMBAJ
24 Oct 1938,dU0EAAAAMBAJ
31 Oct 1938,cU0EAAAAMBAJ
7 Nov 1938,bk0EAAAAMBAJ
14 Nov 1938,a00EAAAAMBAJ
21 Nov 1938,Zk0EAAAAMBAJ
28 Nov 1938,Yk0EAAAAMBAJ
5 Dec 1938,AkoEAAAAMBAJ
19 Dec 1938,9EkEAAAAMBAJ
26 Dec 1938,_UkEAAAAMBAJ
2 Jan 1939,J0kEAAAAMBAJ
9 Jan 1939,d00EAAAAMBAJ
16 Jan 1939,10wEAAAAMBAJ
23 Jan 1939,1EwEAAAAMBAJ
30 Jan 1939,00wEAAAAMBAJ
6 Feb 1939,ckoEAAAAMBAJ
13 Feb 1939,DkkEAAAAMBAJ
20 Feb 1939,CkkEAAAAMBAJ
27 Feb 1939,G0kEAAAAMBAJ
6 Mar 1939,lU0EAAAAMBAJ
13 Mar 1939,jk0EAAAAMBAJ
20 Mar 1939,j00EAAAAMBAJ
27 Mar 1939,kU0EAAAAMBAJ
3 Apr 1939,lk0EAAAAMBAJ
10 Apr 1939,LkkEAAAAMBAJ
17 Apr 1939,FEkEAAAAMBAJ
24 Apr 1939,DUkEAAAAMBAJ
1 May 1939,qEkEAAAAMBAJ
8 May 1939,rEkEAAAAMBAJ
15 May 1939,rUkEAAAAMBAJ
22 May 1939,s0kEAAAAMBAJ
29 May 1939,ukkEAAAAMBAJ
5 Jun 1939,fkkEAAAAMBAJ
12 Jun 1939,c0kEAAAAMBAJ
19 Jun 1939,b0kEAAAAMBAJ
26 Jun 1939,Z0kEAAAAMBAJ
3 Jul 1939,fEkEAAAAMBAJ
10 Jul 1939,-kEEAAAAMBAJ
17 Jul 1939,_UEEAAAAMBAJ
24 Jul 1939,A0IEAAAAMBAJ
31 Jul 1939,zkEEAAAAMBAJ
7 Aug 1939,w0EEAAAAMBAJ
14 Aug 1939,7kEEAAAAMBAJ
21 Aug 1939,9EEEAAAAMBAJ
28 Aug 1939,7EEEAAAAMBAJ
4 Sep 1939,6UEEAAAAMBAJ
11 Sep 1939,8EEEAAAAMBAJ
18 Sep 1939,xUEEAAAAMBAJ
25 Sep 1939,zUEEAAAAMBAJ
2 Oct 1939,N0IEAAAAMBAJ
9 Oct 1939,QkIEAAAAMBAJ
16 Oct 1939,RUIEAAAAMBAJ
23 Oct 1939,AEIEAAAAMBAJ
30 Oct 1939,_EEEAAAAMBAJ
6 Nov 1939,9kEEAAAAMBAJ
13 Nov 1939,8kEEAAAAMBAJ
20 Nov 1939,90EEAAAAMBAJ
27 Nov 1939,5kEEAAAAMBAJ
4 Dec 1939,5UEEAAAAMBAJ
11 Dec 1939,5EEEAAAAMBAJ
18 Dec 1939,50EEAAAAMBAJ
25 Dec 1939,4UEEAAAAMBAJ
1 Jan 1940,lz8EAAAAMBAJ
8 Jan 1940,mj8EAAAAMBAJ
15 Jan 1940,sz8EAAAAMBAJ
22 Jan 1940,sD8EAAAAMBAJ
29 Jan 1940,qj8EAAAAMBAJ
5 Feb 1940,rD8EAAAAMBAJ
12 Feb 1940,sj8EAAAAMBAJ
19 Feb 1940,tj8EAAAAMBAJ
26 Feb 1940,qT8EAAAAMBAJ
4 Mar 1940,pT8EAAAAMBAJ
11 Mar 1940,pz8EAAAAMBAJ
18 Mar 1940,nj8EAAAAMBAJ
25 Mar 1940,A0AEAAAAMBAJ
1 Apr 1940,xj8EAAAAMBAJ
8 Apr 1940,yD8EAAAAMBAJ
15 Apr 1940,uz8EAAAAMBAJ
22 Apr 1940,uD8EAAAAMBAJ
29 Apr 1940,zj8EAAAAMBAJ
6 May 1940,1T8EAAAAMBAJ
13 May 1940,0j8EAAAAMBAJ
20 May 1940,uj8EAAAAMBAJ
27 May 1940,tz8EAAAAMBAJ
3 Jun 1940,1z8EAAAAMBAJ
10 Jun 1940,4j8EAAAAMBAJ
17 Jun 1940,xT8EAAAAMBAJ
24 Jun 1940,xD8EAAAAMBAJ
1 Jul 1940,zT8EAAAAMBAJ
8 Jul 1940,1D8EAAAAMBAJ
15 Jul 1940,1j8EAAAAMBAJ
22 Jul 1940,zD8EAAAAMBAJ
29 Jul 1940,xz8EAAAAMBAJ
5 Aug 1940,BEAEAAAAMBAJ
12 Aug 1940,00UEAAAAMBAJ
19 Aug 1940,gEkEAAAAMBAJ
26 Aug 1940,iEkEAAAAMBAJ
2 Sep 1940,HUoEAAAAMBAJ
9 Sep 1940,H0oEAAAAMBAJ
16 Sep 1940,D0oEAAAAMBAJ
23 Sep 1940,EkoEAAAAMBAJ
30 Sep 1940,C0oEAAAAMBAJ
7 Oct 1940,AEoEAAAAMBAJ
14 Oct 1940,LEoEAAAAMBAJ
21 Oct 1940,MUoEAAAAMBAJ
28 Oct 1940,KkoEAAAAMBAJ
4 Nov 1940,L0oEAAAAMBAJ
11 Nov 1940,QkoEAAAAMBAJ
18 Nov 1940,TUoEAAAAMBAJ
25 Nov 1940,SEoEAAAAMBAJ
2 Dec 1940,O0oEAAAAMBAJ
9 Dec 1940,QUoEAAAAMBAJ
16 Dec 1940,QEoEAAAAMBAJ
23 Dec 1940,P0oEAAAAMBAJ
30 Dec 1940,NkoEAAAAMBAJ
6 Jan 1941,M0oEAAAAMBAJ
13 Jan 1941,RUoEAAAAMBAJ
20 Jan 1941,8kgEAAAAMBAJ
27 Jan 1941,80gEAAAAMBAJ
3 Feb 1941,-UgEAAAAMBAJ
10 Feb 1941,GEkEAAAAMBAJ
17 Feb 1941,I0kEAAAAMBAJ
24 Feb 1941,EEkEAAAAMBAJ
3 Mar 1941,IUoEAAAAMBAJ
10 Mar 1941,BEoEAAAAMBAJ
17 Mar 1941,_0kEAAAAMBAJ
24 Mar 1941,lVMEAAAAMBAJ
31 Mar 1941,lFMEAAAAMBAJ
7 Apr 1941,mlMEAAAAMBAJ
14 Apr 1941,qEwEAAAAMBAJ
21 Apr 1941,pEwEAAAAMBAJ
28 Apr 1941,tkwEAAAAMBAJ
5 May 1941,nUwEAAAAMBAJ
12 May 1941,sUwEAAAAMBAJ
19 May 1941,6U4EAAAAMBAJ
26 May 1941,h0wEAAAAMBAJ
2 Jun 1941,i0wEAAAAMBAJ
9 Jun 1941,jUwEAAAAMBAJ
16 Jun 1941,kkwEAAAAMBAJ
23 Jun 1941,bU0EAAAAMBAJ
30 Jun 1941,fE0EAAAAMBAJ
7 Jul 1941,hEwEAAAAMBAJ
14 Jul 1941,gEwEAAAAMBAJ
21 Jul 1941,hkwEAAAAMBAJ
28 Jul 1941,hUwEAAAAMBAJ
4 Aug 1941,jEwEAAAAMBAJ
11 Aug 1941,YE0EAAAAMBAJ
18 Aug 1941,YU0EAAAAMBAJ
25 Aug 1941,ZE0EAAAAMBAJ
1 Sep 1941,l0wEAAAAMBAJ
8 Sep 1941,mEwEAAAAMBAJ
15 Sep 1941,q0wEAAAAMBAJ
22 Sep 1941,fU0EAAAAMBAJ
29 Sep 1941,kk0EAAAAMBAJ
6 Oct 1941,xE4EAAAAMBAJ
13 Oct 1941,uk4EAAAAMBAJ
20 Oct 1941,sE4EAAAAMBAJ
27 Oct 1941,jU4EAAAAMBAJ
3 Nov 1941,g04EAAAAMBAJ
10 Nov 1941,Mk4EAAAAMBAJ
17 Nov 1941,GE4EAAAAMBAJ
24 Nov 1941,UU4EAAAAMBAJ
1 Dec 1941,X04EAAAAMBAJ
8 Dec 1941,Yk4EAAAAMBAJ
15 Dec 1941,Zk4EAAAAMBAJ
22 Dec 1941,Y04EAAAAMBAJ
29 Dec 1941,Gk4EAAAAMBAJ
5 Jan 1942,G04EAAAAMBAJ
12 Jan 1942,Bk4EAAAAMBAJ
19 Jan 1942,C04EAAAAMBAJ
26 Jan 1942,PE4EAAAAMBAJ
2 Feb 1942,PU4EAAAAMBAJ
9 Feb 1942,Qk4EAAAAMBAJ
16 Feb 1942,QU4EAAAAMBAJ
23 Feb 1942,L04EAAAAMBAJ
2 Mar 1942,K04EAAAAMBAJ
9 Mar 1942,ck4EAAAAMBAJ
16 Mar 1942,gE4EAAAAMBAJ
23 Mar 1942,x1EEAAAAMBAJ
30 Mar 1942,zlEEAAAAMBAJ
6 Apr 1942,AlEEAAAAMBAJ
13 Apr 1942,_lAEAAAAMBAJ
20 Apr 1942,FlEEAAAAMBAJ
27 Apr 1942,G1EEAAAAMBAJ
4 May 1942,ClAEAAAAMBAJ
11 May 1942,CVAEAAAAMBAJ
18 May 1942,MFAEAAAAMBAJ
25 May 1942,J1AEAAAAMBAJ
1 Jun 1942,DlAEAAAAMBAJ
8 Jun 1942,P1AEAAAAMBAJ
15 Jun 1942,PFAEAAAAMBAJ
22 Jun 1942,KFAEAAAAMBAJ
29 Jun 1942,KlAEAAAAMBAJ
6 Jul 1942,400EAAAAMBAJ
13 Jul 1942,3E0EAAAAMBAJ
20 Jul 1942,6k0EAAAAMBAJ
27 Jul 1942,dk4EAAAAMBAJ
3 Aug 1942,gU4EAAAAMBAJ
10 Aug 1942,sk4EAAAAMBAJ
17 Aug 1942,v04EAAAAMBAJ
24 Aug 1942,fk4EAAAAMBAJ
31 Aug 1942,iU4EAAAAMBAJ
7 Sep 1942,rU4EAAAAMBAJ
14 Sep 1942,qE4EAAAAMBAJ
21 Sep 1942,oE4EAAAAMBAJ
28 Sep 1942,VU4EAAAAMBAJ
5 Oct 1942,UUAEAAAAMBAJ
12 Oct 1942,TUEEAAAAMBAJ
19 Oct 1942,UUEEAAAAMBAJ
26 Oct 1942,UEEEAAAAMBAJ
2 Nov 1942,JkAEAAAAMBAJ
9 Nov 1942,JUAEAAAAMBAJ
16 Nov 1942,JEAEAAAAMBAJ
23 Nov 1942,IkAEAAAAMBAJ
30 Nov 1942,RkEEAAAAMBAJ
7 Dec 1942,HlEEAAAAMBAJ
14 Dec 1942,BFAEAAAAMBAJ
21 Dec 1942,NVEEAAAAMBAJ
28 Dec 1942,LVEEAAAAMBAJ
4 Jan 1943,n04EAAAAMBAJ
11 Jan 1943,pk4EAAAAMBAJ
18 Jan 1943,mE4EAAAAMBAJ
25 Jan 1943,P1EEAAAAMBAJ
1 Feb 1943,ZVEEAAAAMBAJ
8 Feb 1943,a1EEAAAAMBAJ
15 Feb 1943,MVEEAAAAMBAJ
22 Feb 1943,gU8EAAAAMBAJ
1 Mar 1943,WlEEAAAAMBAJ
8 Mar 1943,X1EEAAAAMBAJ
15 Mar 1943,YlEEAAAAMBAJ
22 Mar 1943,KVEEAAAAMBAJ
29 Mar 1943,A1AEAAAAMBAJ
5 Apr 1943,RU4EAAAAMBAJ
12 Apr 1943,Tk4EAAAAMBAJ
19 Apr 1943,BE4EAAAAMBAJ
26 Apr 1943,EU4EAAAAMBAJ
3 May 1943,500EAAAAMBAJ
10 May 1943,5k0EAAAAMBAJ
17 May 1943,700EAAAAMBAJ
24 May 1943,Lk4EAAAAMBAJ
31 May 1943,MU4EAAAAMBAJ
7 Jun 1943,OU4EAAAAMBAJ
14 Jun 1943,T04EAAAAMBAJ
21 Jun 1943,QE4EAAAAMBAJ
28 Jun 1943,SE4EAAAAMBAJ
5 Jul 1943,SFAEAAAAMBAJ
12 Jul 1943,N1AEAAAAMBAJ
19 Jul 1943,MVAEAAAAMBAJ
26 Jul 1943,R1AEAAAAMBAJ
2 Aug 1943,W1AEAAAAMBAJ
9 Aug 1943,T1AEAAAAMBAJ
16 Aug 1943,RVAEAAAAMBAJ
23 Aug 1943,PlAEAAAAMBAJ
30 Aug 1943,jFAEAAAAMBAJ
6 Sep 1943,TlAEAAAAMBAJ
13 Sep 1943,cVAEAAAAMBAJ
20 Sep 1943,UlAEAAAAMBAJ
27 Sep 1943,YFAEAAAAMBAJ
4 Oct 1943,PlcEAAAAMBAJ
11 Oct 1943,MlcEAAAAMBAJ
18 Oct 1943,N1cEAAAAMBAJ
25 Oct 1943,BVcEAAAAMBAJ
1 Nov 1943,CVcEAAAAMBAJ
8 Nov 1943,A1cEAAAAMBAJ
15 Nov 1943,IlcEAAAAMBAJ
22 Nov 1943,AlcEAAAAMBAJ
29 Nov 1943,DVcEAAAAMBAJ
6 Dec 1943,OFUEAAAAMBAJ
13 Dec 1943,FVUEAAAAMBAJ
20 Dec 1943,x1YEAAAAMBAJ
27 Dec 1943,1lYEAAAAMBAJ
3 Jan 1944,vVQEAAAAMBAJ
10 Jan 1944,2FYEAAAAMBAJ
17 Jan 1944,3lYEAAAAMBAJ
24 Jan 1944,-VYEAAAAMBAJ
31 Jan 1944,QFUEAAAAMBAJ
7 Feb 1944,YFQEAAAAMBAJ
14 Feb 1944,X1QEAAAAMBAJ
21 Feb 1944,VFQEAAAAMBAJ
28 Feb 1944,U1QEAAAAMBAJ
6 Mar 1944,alQEAAAAMBAJ
13 Mar 1944,vlQEAAAAMBAJ
20 Mar 1944,0kwEAAAAMBAJ
27 Mar 1944,z0wEAAAAMBAJ
3 Apr 1944,8lAEAAAAMBAJ
10 Apr 1944,8VAEAAAAMBAJ
17 Apr 1944,CFAEAAAAMBAJ
24 Apr 1944,B1AEAAAAMBAJ
1 May 1944,BlAEAAAAMBAJ
8 May 1944,gksEAAAAMBAJ
15 May 1944,eE8EAAAAMBAJ
22 May 1944,bk8EAAAAMBAJ
29 May 1944,Yk8EAAAAMBAJ
5 Jun 1944,ik8EAAAAMBAJ
12 Jun 1944,fU8EAAAAMBAJ
19 Jun 1944,dk8EAAAAMBAJ
26 Jun 1944,KU8EAAAAMBAJ
3 Jul 1944,Ok8EAAAAMBAJ
10 Jul 1944,RE8EAAAAMBAJ
17 Jul 1944,PE8EAAAAMBAJ
24 Jul 1944,9E4EAAAAMBAJ
31 Jul 1944,904EAAAAMBAJ
7 Aug 1944,-04EAAAAMBAJ
14 Aug 1944,9VAEAAAAMBAJ
21 Aug 1944,9lAEAAAAMBAJ
28 Aug 1944,9FAEAAAAMBAJ
4 Sep 1944,Vk8EAAAAMBAJ
11 Sep 1944,Uk8EAAAAMBAJ
18 Sep 1944,Wk8EAAAAMBAJ
25 Sep 1944,XU8EAAAAMBAJ
2 Oct 1944,CkIEAAAAMBAJ
9 Oct 1944,B0IEAAAAMBAJ
16 Oct 1944,CEIEAAAAMBAJ
23 Oct 1944,BkIEAAAAMBAJ
30 Oct 1944,DUIEAAAAMBAJ
6 Nov 1944,EkIEAAAAMBAJ
13 Nov 1944,3UEEAAAAMBAJ
20 Nov 1944,3EEEAAAAMBAJ
27 Nov 1944,2UEEAAAAMBAJ
4 Dec 1944,1EEEAAAAMBAJ
11 Dec 1944,10EEAAAAMBAJ
18 Dec 1944,t0EEAAAAMBAJ
25 Dec 1944,uUEEAAAAMBAJ
1 Jan 1945,VFMEAAAAMBAJ
8 Jan 1945,U1MEAAAAMBAJ
15 Jan 1945,YlMEAAAAMBAJ
22 Jan 1945,KVMEAAAAMBAJ
29 Jan 1945,lFIEAAAAMBAJ
5 Feb 1945,J1MEAAAAMBAJ
12 Feb 1945,IlMEAAAAMBAJ
19 Feb 1945,JVMEAAAAMBAJ
26 Feb 1945,H1MEAAAAMBAJ
5 Mar 1945,9VIEAAAAMBAJ
12 Mar 1945,9lIEAAAAMBAJ
19 Mar 1945,K1MEAAAAMBAJ
26 Mar 1945,L1MEAAAAMBAJ
2 Apr 1945,1EkEAAAAMBAJ
9 Apr 1945,vEkEAAAAMBAJ
16 Apr 1945,vUkEAAAAMBAJ
23 Apr 1945,wEkEAAAAMBAJ
30 Apr 1945,3kkEAAAAMBAJ
7 May 1945,8UkEAAAAMBAJ
14 May 1945,CUoEAAAAMBAJ
21 May 1945,50kEAAAAMBAJ
28 May 1945,7kkEAAAAMBAJ
4 Jun 1945,h0gEAAAAMBAJ
11 Jun 1945,_EkEAAAAMBAJ
18 Jun 1945,dUgEAAAAMBAJ
25 Jun 1945,YUgEAAAAMBAJ
2 Jul 1945,skkEAAAAMBAJ
9 Jul 1945,rkkEAAAAMBAJ
16 Jul 1945,fEgEAAAAMBAJ
23 Jul 1945,30kEAAAAMBAJ
30 Jul 1945,z0kEAAAAMBAJ
6 Aug 1945,0EkEAAAAMBAJ
13 Aug 1945,1UkEAAAAMBAJ
20 Aug 1945,hkgEAAAAMBAJ
27 Aug 1945,e0gEAAAAMBAJ
3 Sep 1945,q0kEAAAAMBAJ
10 Sep 1945,uUkEAAAAMBAJ
17 Sep 1945,t0kEAAAAMBAJ
24 Sep 1945,3EkEAAAAMBAJ
1 Oct 1945,vEwEAAAAMBAJ
8 Oct 1945,p0sEAAAAMBAJ
15 Oct 1945,sUsEAAAAMBAJ
22 Oct 1945,pksEAAAAMBAJ
29 Oct 1945,tEsEAAAAMBAJ
5 Nov 1945,r0wEAAAAMBAJ
12 Nov 1945,4ksEAAAAMBAJ
19 Nov 1945,6UsEAAAAMBAJ
26 Nov 1945,xUsEAAAAMBAJ
3 Dec 1945,xkgEAAAAMBAJ
10 Dec 1945,ukgEAAAAMBAJ
17 Dec 1945,4UgEAAAAMBAJ
24 Dec 1945,BkkEAAAAMBAJ
31 Dec 1945,_0gEAAAAMBAJ
7 Jan 1946,BEkEAAAAMBAJ
14 Jan 1946,AkkEAAAAMBAJ
21 Jan 1946,9kgEAAAAMBAJ
28 Jan 1946,mUgEAAAAMBAJ
4 Feb 1946,hUgEAAAAMBAJ
11 Feb 1946,9kcEAAAAMBAJ
18 Feb 1946,_0cEAAAAMBAJ
25 Feb 1946,JkgEAAAAMBAJ
4 Mar 1946,QEgEAAAAMBAJ
11 Mar 1946,XEgEAAAAMBAJ
18 Mar 1946,iUgEAAAAMBAJ
25 Mar 1946,iEgEAAAAMBAJ
1 Apr 1946,ElUEAAAAMBAJ
8 Apr 1946,6FQEAAAAMBAJ
15 Apr 1946,-VQEAAAAMBAJ
22 Apr 1946,9lQEAAAAMBAJ
29 Apr 1946,-FQEAAAAMBAJ
6 May 1946,BlUEAAAAMBAJ
13 May 1946,81QEAAAAMBAJ
20 May 1946,u0kEAAAAMBAJ
27 May 1946,ZEsEAAAAMBAJ
3 Jun 1946,I0oEAAAAMBAJ
10 Jun 1946,xkkEAAAAMBAJ
17 Jun 1946,JkoEAAAAMBAJ
24 Jun 1946,LkoEAAAAMBAJ
1 Jul 1946,NEoEAAAAMBAJ
8 Jul 1946,JEoEAAAAMBAJ
15 Jul 1946,NUoEAAAAMBAJ
22 Jul 1946,VksEAAAAMBAJ
29 Jul 1946,kkkEAAAAMBAJ
5 Aug 1946,3UwEAAAAMBAJ
12 Aug 1946,kEkEAAAAMBAJ
19 Aug 1946,pUkEAAAAMBAJ
26 Aug 1946,nkkEAAAAMBAJ
2 Sep 1946,OEIEAAAAMBAJ
9 Sep 1946,UEkEAAAAMBAJ
16 Sep 1946,WEkEAAAAMBAJ
23 Sep 1946,WUkEAAAAMBAJ
30 Sep 1946,akkEAAAAMBAJ
7 Oct 1946,hk0EAAAAMBAJ
14 Oct 1946,aE0EAAAAMBAJ
21 Oct 1946,mE0EAAAAMBAJ
28 Oct 1946,iU0EAAAAMBAJ
4 Nov 1946,tUwEAAAAMBAJ
11 Nov 1946,mU0EAAAAMBAJ
18 Nov 1946,lE0EAAAAMBAJ
25 Nov 1946,cE0EAAAAMBAJ
2 Dec 1946,nk0EAAAAMBAJ
9 Dec 1946,mk0EAAAAMBAJ
16 Dec 1946,oE0EAAAAMBAJ
23 Dec 1946,n00EAAAAMBAJ
30 Dec 1946,ZU0EAAAAMBAJ
6 Jan 1947,F0kEAAAAMBAJ
13 Jan 1947,TEoEAAAAMBAJ
20 Jan 1947,DUoEAAAAMBAJ
27 Jan 1947,20kEAAAAMBAJ
3 Feb 1947,9UgEAAAAMBAJ
10 Feb 1947,HEoEAAAAMBAJ
17 Feb 1947,4UkEAAAAMBAJ
24 Feb 1947,5kkEAAAAMBAJ
3 Mar 1947,8EkEAAAAMBAJ
10 Mar 1947,9kkEAAAAMBAJ
17 Mar 1947,60kEAAAAMBAJ
24 Mar 1947,AUoEAAAAMBAJ
31 Mar 1947,7EkEAAAAMBAJ
7 Apr 1947,g00EAAAAMBAJ
14 Apr 1947,ik0EAAAAMBAJ
21 Apr 1947,ck0EAAAAMBAJ
28 Apr 1947,fUgEAAAAMBAJ
5 May 1947,bkgEAAAAMBAJ
12 May 1947,ZEgEAAAAMBAJ
19 May 1947,X0gEAAAAMBAJ
26 May 1947,WkgEAAAAMBAJ
2 Jun 1947,UkgEAAAAMBAJ
9 Jun 1947,TFcEAAAAMBAJ
16 Jun 1947,mEgEAAAAMBAJ
23 Jun 1947,N0gEAAAAMBAJ
30 Jun 1947,f04EAAAAMBAJ
7 Jul 1947,XE4EAAAAMBAJ
14 Jul 1947,ZU4EAAAAMBAJ
21 Jul 1947,YU4EAAAAMBAJ
28 Jul 1947,aE4EAAAAMBAJ
4 Aug 1947,1U0EAAAAMBAJ
11 Aug 1947,V04EAAAAMBAJ
18 Aug 1947,dU4EAAAAMBAJ
25 Aug 1947,LUIEAAAAMBAJ
1 Sep 1947,LkIEAAAAMBAJ
8 Sep 1947,MEIEAAAAMBAJ
15 Sep 1947,M0IEAAAAMBAJ
22 Sep 1947,LEIEAAAAMBAJ
29 Sep 1947,NkIEAAAAMBAJ
6 Oct 1947,MEgEAAAAMBAJ
13 Oct 1947,0UgEAAAAMBAJ
20 Oct 1947,nFEEAAAAMBAJ
27 Oct 1947,llEEAAAAMBAJ
3 Nov 1947,rlEEAAAAMBAJ
10 Nov 1947,p1EEAAAAMBAJ
17 Nov 1947,1EgEAAAAMBAJ
24 Nov 1947,1UgEAAAAMBAJ
1 Dec 1947,kEgEAAAAMBAJ
8 Dec 1947,nlIEAAAAMBAJ
15 Dec 1947,m1IEAAAAMBAJ
22 Dec 1947,_U0EAAAAMBAJ
29 Dec 1947,8E0EAAAAMBAJ
5 Jan 1948,4E0EAAAAMBAJ
12 Jan 1948,mVIEAAAAMBAJ
19 Jan 1948,1E0EAAAAMBAJ
26 Jan 1948,p0gEAAAAMBAJ
2 Feb 1948,skgEAAAAMBAJ
9 Feb 1948,sUgEAAAAMBAJ
16 Feb 1948,lVIEAAAAMBAJ
23 Feb 1948,tFEEAAAAMBAJ
1 Mar 1948,l0gEAAAAMBAJ
8 Mar 1948,K0EEAAAAMBAJ
15 Mar 1948,LEEEAAAAMBAJ
22 Mar 1948,MkEEAAAAMBAJ
29 Mar 1948,M0EEAAAAMBAJ
5 Apr 1948,ZEEEAAAAMBAJ
12 Apr 1948,ZUEEAAAAMBAJ
19 Apr 1948,bEEEAAAAMBAJ
26 Apr 1948,d0EEAAAAMBAJ
3 May 1948,20gEAAAAMBAJ
10 May 1948,DEYEAAAAMBAJ
17 May 1948,HkYEAAAAMBAJ
24 May 1948,REYEAAAAMBAJ
31 May 1948,WkYEAAAAMBAJ
7 Jun 1948,MkYEAAAAMBAJ
14 Jun 1948,PUYEAAAAMBAJ
21 Jun 1948,ZkYEAAAAMBAJ
28 Jun 1948,a0YEAAAAMBAJ
5 Jul 1948,ekYEAAAAMBAJ
12 Jul 1948,20cEAAAAMBAJ
19 Jul 1948,4UcEAAAAMBAJ
26 Jul 1948,4EcEAAAAMBAJ
2 Aug 1948,10cEAAAAMBAJ
9 Aug 1948,1kcEAAAAMBAJ
16 Aug 1948,1UcEAAAAMBAJ
23 Aug 1948,00cEAAAAMBAJ
30 Aug 1948,1UEEAAAAMBAJ
6 Sep 1948,2kcEAAAAMBAJ
13 Sep 1948,HUgEAAAAMBAJ
20 Sep 1948,_kgEAAAAMBAJ
27 Sep 1948,5UgEAAAAMBAJ
4 Oct 1948,vUoEAAAAMBAJ
11 Oct 1948,dEoEAAAAMBAJ
18 Oct 1948,dkoEAAAAMBAJ
25 Oct 1948,e0oEAAAAMBAJ
1 Nov 1948,ekoEAAAAMBAJ
8 Nov 1948,d0oEAAAAMBAJ
15 Nov 1948,YkoEAAAAMBAJ
22 Nov 1948,W0oEAAAAMBAJ
29 Nov 1948,tUoEAAAAMBAJ
6 Dec 1948,i0oEAAAAMBAJ
13 Dec 1948,ikoEAAAAMBAJ
20 Dec 1948,iUoEAAAAMBAJ
27 Dec 1948,iEoEAAAAMBAJ
3 Jan 1949,h0oEAAAAMBAJ
10 Jan 1949,hkoEAAAAMBAJ
17 Jan 1949,hUoEAAAAMBAJ
24 Jan 1949,hEoEAAAAMBAJ
31 Jan 1949,gkoEAAAAMBAJ
7 Feb 1949,g0oEAAAAMBAJ
14 Feb 1949,f0oEAAAAMBAJ
21 Feb 1949,gUoEAAAAMBAJ
28 Feb 1949,800EAAAAMBAJ
7 Mar 1949,hU0EAAAAMBAJ
14 Mar 1949,gU0EAAAAMBAJ
21 Mar 1949,c00EAAAAMBAJ
28 Mar 1949,b00EAAAAMBAJ
4 Apr 1949,U04EAAAAMBAJ
11 Apr 1949,Vk4EAAAAMBAJ
18 Apr 1949,ME4EAAAAMBAJ
25 Apr 1949,IE4EAAAAMBAJ
2 May 1949,hk4EAAAAMBAJ
9 May 1949,gk4EAAAAMBAJ
16 May 1949,_04EAAAAMBAJ
23 May 1949,304EAAAAMBAJ
30 May 1949,1k4EAAAAMBAJ
6 Jun 1949,004EAAAAMBAJ
13 Jun 1949,dE4EAAAAMBAJ
20 Jun 1949,cU4EAAAAMBAJ
27 Jun 1949,Uk4EAAAAMBAJ
4 Jul 1949,c04EAAAAMBAJ
11 Jul 1949,3FEEAAAAMBAJ
18 Jul 1949,6VEEAAAAMBAJ
25 Jul 1949,D08EAAAAMBAJ
1 Aug 1949,_U4EAAAAMBAJ
8 Aug 1949,y04EAAAAMBAJ
15 Aug 1949,2EkEAAAAMBAJ
22 Aug 1949,00kEAAAAMBAJ
29 Aug 1949,0kkEAAAAMBAJ
5 Sep 1949,zkkEAAAAMBAJ
12 Sep 1949,yUkEAAAAMBAJ
19 Sep 1949,yEkEAAAAMBAJ
26 Sep 1949,IkkEAAAAMBAJ
3 Oct 1949,FVIEAAAAMBAJ
10 Oct 1949,GVIEAAAAMBAJ
17 Oct 1949,GFIEAAAAMBAJ
24 Oct 1949,F1IEAAAAMBAJ
31 Oct 1949,KFIEAAAAMBAJ
7 Nov 1949,LlIEAAAAMBAJ
14 Nov 1949,90wEAAAAMBAJ
21 Nov 1949,9kwEAAAAMBAJ
28 Nov 1949,WkEEAAAAMBAJ
5 Dec 1949,VkEEAAAAMBAJ
12 Dec 1949,VUEEAAAAMBAJ
19 Dec 1949,UkEEAAAAMBAJ
26 Dec 1949,T0EEAAAAMBAJ
2 Jan 1950,TUAEAAAAMBAJ
9 Jan 1950,T0AEAAAAMBAJ
16 Jan 1950,9UwEAAAAMBAJ
23 Jan 1950,CU0EAAAAMBAJ
30 Jan 1950,_UwEAAAAMBAJ
6 Feb 1950,-kwEAAAAMBAJ
13 Feb 1950,FlMEAAAAMBAJ
20 Feb 1950,FVMEAAAAMBAJ
27 Feb 1950,_lIEAAAAMBAJ
6 Mar 1950,-1IEAAAAMBAJ
13 Mar 1950,_1IEAAAAMBAJ
20 Mar 1950,AFMEAAAAMBAJ
27 Mar 1950,BFMEAAAAMBAJ
3 Apr 1950,vEgEAAAAMBAJ
10 Apr 1950,pEkEAAAAMBAJ
17 Apr 1950,wUkEAAAAMBAJ
24 Apr 1950,oUkEAAAAMBAJ
1 May 1950,-UwEAAAAMBAJ
8 May 1950,BE0EAAAAMBAJ
15 May 1950,DE0EAAAAMBAJ
22 May 1950,AU0EAAAAMBAJ
29 May 1950,-koEAAAAMBAJ
5 Jun 1950,bE0EAAAAMBAJ
12 Jun 1950,Z00EAAAAMBAJ
19 Jun 1950,Dk0EAAAAMBAJ
26 Jun 1950,50oEAAAAMBAJ
3 Jul 1950,u0oEAAAAMBAJ
10 Jul 1950,r0oEAAAAMBAJ
17 Jul 1950,fUoEAAAAMBAJ
24 Jul 1950,fkoEAAAAMBAJ
31 Jul 1950,7EoEAAAAMBAJ
7 Aug 1950,5UoEAAAAMBAJ
14 Aug 1950,t0oEAAAAMBAJ
21 Aug 1950,wUoEAAAAMBAJ
28 Aug 1950,Dk4EAAAAMBAJ
4 Sep 1950,Ck4EAAAAMBAJ
11 Sep 1950,9U0EAAAAMBAJ
18 Sep 1950,8koEAAAAMBAJ
25 Sep 1950,60oEAAAAMBAJ
2 Oct 1950,9ksEAAAAMBAJ
9 Oct 1950,9UsEAAAAMBAJ
16 Oct 1950,CEwEAAAAMBAJ
23 Oct 1950,BkwEAAAAMBAJ
30 Oct 1950,AkwEAAAAMBAJ
6 Nov 1950,4UsEAAAAMBAJ
13 Nov 1950,8ksEAAAAMBAJ
20 Nov 1950,AEwEAAAAMBAJ
27 Nov 1950,_0sEAAAAMBAJ
4 Dec 1950,_EsEAAAAMBAJ
11 Dec 1950,yEsEAAAAMBAJ
18 Dec 1950,vEsEAAAAMBAJ
25 Dec 1950,FUwEAAAAMBAJ
1 Jan 1951,FkwEAAAAMBAJ
8 Jan 1951,40sEAAAAMBAJ
15 Jan 1951,20sEAAAAMBAJ
22 Jan 1951,8EsEAAAAMBAJ
29 Jan 1951,7UsEAAAAMBAJ
5 Feb 1951,50sEAAAAMBAJ
12 Feb 1951,4EsEAAAAMBAJ
19 Feb 1951,2EsEAAAAMBAJ
26 Feb 1951,xksEAAAAMBAJ
5 Mar 1951,0UsEAAAAMBAJ
12 Mar 1951,x0sEAAAAMBAJ
19 Mar 1951,v0sEAAAAMBAJ
26 Mar 1951,wEsEAAAAMBAJ
2 Apr 1951,6E4EAAAAMBAJ
9 Apr 1951,4E4EAAAAMBAJ
16 Apr 1951,NFEEAAAAMBAJ
23 Apr 1951,MFEEAAAAMBAJ
30 Apr 1951,iFEEAAAAMBAJ
7 May 1951,gVEEAAAAMBAJ
14 May 1951,jlEEAAAAMBAJ
21 May 1951,fVEEAAAAMBAJ
28 May 1951,g1EEAAAAMBAJ
4 Jun 1951,b1EEAAAAMBAJ
11 Jun 1951,c1EEAAAAMBAJ
18 Jun 1951,eVEEAAAAMBAJ
25 Jun 1951,dVEEAAAAMBAJ
2 Jul 1951,oU4EAAAAMBAJ
9 Jul 1951,m04EAAAAMBAJ
16 Jul 1951,nE4EAAAAMBAJ
23 Jul 1951,l04EAAAAMBAJ
30 Jul 1951,q04EAAAAMBAJ
6 Aug 1951,mU4EAAAAMBAJ
13 Aug 1951,lU4EAAAAMBAJ
20 Aug 1951,kE8EAAAAMBAJ
27 Aug 1951,IlQEAAAAMBAJ
3 Sep 1951,k04EAAAAMBAJ
10 Sep 1951,lE4EAAAAMBAJ
17 Sep 1951,tE4EAAAAMBAJ
24 Sep 1951,r04EAAAAMBAJ
1 Oct 1951,a1QEAAAAMBAJ
8 Oct 1951,jFQEAAAAMBAJ
15 Oct 1951,t1QEAAAAMBAJ
22 Oct 1951,rFQEAAAAMBAJ
29 Oct 1951,b1QEAAAAMBAJ
5 Nov 1951,gFQEAAAAMBAJ
12 Nov 1951,fFQEAAAAMBAJ
19 Nov 1951,hVQEAAAAMBAJ
26 Nov 1951,g1QEAAAAMBAJ
3 Dec 1951,oVQEAAAAMBAJ
10 Dec 1951,ZFQEAAAAMBAJ
17 Dec 1951,Y1QEAAAAMBAJ
24 Dec 1951,aFQEAAAAMBAJ
31 Dec 1951,uFQEAAAAMBAJ
7 Jan 1952,bVQEAAAAMBAJ
14 Jan 1952,mVQEAAAAMBAJ
21 Jan 1952,l1QEAAAAMBAJ
28 Jan 1952,flQEAAAAMBAJ
4 Feb 1952,fVQEAAAAMBAJ
11 Feb 1952,i1QEAAAAMBAJ
18 Feb 1952,dFQEAAAAMBAJ
25 Feb 1952,jVQEAAAAMBAJ
3 Mar 1952,cFQEAAAAMBAJ
10 Mar 1952,eFQEAAAAMBAJ
17 Mar 1952,x1QEAAAAMBAJ
24 Mar 1952,d1QEAAAAMBAJ
31 Mar 1952,SFUEAAAAMBAJ
7 Apr 1952,ElYEAAAAMBAJ
14 Apr 1952,9FUEAAAAMBAJ
21 Apr 1952,2VUEAAAAMBAJ
28 Apr 1952,V1YEAAAAMBAJ
5 May 1952,HVYEAAAAMBAJ
12 May 1952,HFYEAAAAMBAJ
19 May 1952,G1YEAAAAMBAJ
26 May 1952,C1YEAAAAMBAJ
2 Jun 1952,BFYEAAAAMBAJ
9 Jun 1952,6FUEAAAAMBAJ
16 Jun 1952,2lUEAAAAMBAJ
23 Jun 1952,yVUEAAAAMBAJ
30 Jun 1952,wVUEAAAAMBAJ
7 Jul 1952,_FUEAAAAMBAJ
14 Jul 1952,A1YEAAAAMBAJ
21 Jul 1952,4FUEAAAAMBAJ
28 Jul 1952,3VUEAAAAMBAJ
4 Aug 1952,YFYEAAAAMBAJ
11 Aug 1952,TFYEAAAAMBAJ
18 Aug 1952,Y1YEAAAAMBAJ
25 Aug 1952,g1YEAAAAMBAJ
1 Sep 1952,WVYEAAAAMBAJ
8 Sep 1952,flYEAAAAMBAJ
15 Sep 1952,cVYEAAAAMBAJ
22 Sep 1952,AFYEAAAAMBAJ
29 Sep 1952,VVYEAAAAMBAJ
6 Oct 1952,uVIEAAAAMBAJ
13 Oct 1952,3lIEAAAAMBAJ
20 Oct 1952,21IEAAAAMBAJ
27 Oct 1952,2lIEAAAAMBAJ
3 Nov 1952,11IEAAAAMBAJ
10 Nov 1952,1lIEAAAAMBAJ
17 Nov 1952,sFIEAAAAMBAJ
24 Nov 1952,tFIEAAAAMBAJ
1 Dec 1952,tlIEAAAAMBAJ
8 Dec 1952,tVIEAAAAMBAJ
15 Dec 1952,zlIEAAAAMBAJ
22 Dec 1952,Z1IEAAAAMBAJ
29 Dec 1952,z1IEAAAAMBAJ
5 Jan 1953,QUIEAAAAMBAJ
12 Jan 1953,QEIEAAAAMBAJ
19 Jan 1953,IkIEAAAAMBAJ
26 Jan 1953,JEIEAAAAMBAJ
2 Feb 1953,KUIEAAAAMBAJ
9 Feb 1953,FkIEAAAAMBAJ
16 Feb 1953,JUIEAAAAMBAJ
23 Feb 1953,FEIEAAAAMBAJ
2 Mar 1953,E0IEAAAAMBAJ
9 Mar 1953,GUIEAAAAMBAJ
16 Mar 1953,F0IEAAAAMBAJ
23 Mar 1953,IUIEAAAAMBAJ
30 Mar 1953,CUIEAAAAMBAJ
6 Apr 1953,4EgEAAAAMBAJ
13 Apr 1953,4kgEAAAAMBAJ
20 Apr 1953,OEkEAAAAMBAJ
27 Apr 1953,KUkEAAAAMBAJ
4 May 1953,L0kEAAAAMBAJ
11 May 1953,mEYEAAAAMBAJ
18 May 1953,l0YEAAAAMBAJ
25 May 1953,gUYEAAAAMBAJ
1 Jun 1953,30cEAAAAMBAJ
8 Jun 1953,3EcEAAAAMBAJ
15 Jun 1953,A0gEAAAAMBAJ
22 Jun 1953,CEgEAAAAMBAJ
29 Jun 1953,CkgEAAAAMBAJ
6 Jul 1953,DEgEAAAAMBAJ
13 Jul 1953,ZEIEAAAAMBAJ
20 Jul 1953,XkIEAAAAMBAJ
27 Jul 1953,YEIEAAAAMBAJ
3 Aug 1953,W0IEAAAAMBAJ
10 Aug 1953,_kcEAAAAMBAJ
17 Aug 1953,AEgEAAAAMBAJ
24 Aug 1953,EkgEAAAAMBAJ
31 Aug 1953,FEgEAAAAMBAJ
7 Sep 1953,GEgEAAAAMBAJ
14 Sep 1953,F0gEAAAAMBAJ
21 Sep 1953,XUIEAAAAMBAJ
28 Sep 1953,7UcEAAAAMBAJ
5 Oct 1953,AUgEAAAAMBAJ
12 Oct 1953,pEYEAAAAMBAJ
19 Oct 1953,HkgEAAAAMBAJ
26 Oct 1953,p0YEAAAAMBAJ
2 Nov 1953,IEgEAAAAMBAJ
9 Nov 1953,I0gEAAAAMBAJ
16 Nov 1953,JUgEAAAAMBAJ
23 Nov 1953,J0gEAAAAMBAJ
30 Nov 1953,2UgEAAAAMBAJ
7 Dec 1953,O0kEAAAAMBAJ
14 Dec 1953,PkkEAAAAMBAJ
21 Dec 1953,_D8EAAAAMBAJ
28 Dec 1953,-T8EAAAAMBAJ
4 Jan 1954,i0gEAAAAMBAJ
11 Jan 1954,vkgEAAAAMBAJ
18 Jan 1954,wUgEAAAAMBAJ
25 Jan 1954,KUgEAAAAMBAJ
1 Feb 1954,KEgEAAAAMBAJ
8 Feb 1954,OkgEAAAAMBAJ
15 Feb 1954,MkgEAAAAMBAJ
22 Feb 1954,QkgEAAAAMBAJ
1 Mar 1954,S0gEAAAAMBAJ
8 Mar 1954,T0gEAAAAMBAJ
15 Mar 1954,XUgEAAAAMBAJ
22 Mar 1954,ZkgEAAAAMBAJ
29 Mar 1954,Y0gEAAAAMBAJ
5 Apr 1954,W1MEAAAAMBAJ
12 Apr 1954,NlMEAAAAMBAJ
19 Apr 1954,N1MEAAAAMBAJ
26 Apr 1954,SlMEAAAAMBAJ
3 May 1954,JlMEAAAAMBAJ
10 May 1954,KlMEAAAAMBAJ
17 May 1954,IVMEAAAAMBAJ
24 May 1954,JFMEAAAAMBAJ
31 May 1954,GlMEAAAAMBAJ
7 Jun 1954,G1MEAAAAMBAJ
14 Jun 1954,HFMEAAAAMBAJ
21 Jun 1954,bVMEAAAAMBAJ
28 Jun 1954,ZFMEAAAAMBAJ
5 Jul 1954,ClQEAAAAMBAJ
12 Jul 1954,BFQEAAAAMBAJ
19 Jul 1954,EVQEAAAAMBAJ
26 Jul 1954,D1QEAAAAMBAJ
2 Aug 1954,9FMEAAAAMBAJ
9 Aug 1954,DVQEAAAAMBAJ
16 Aug 1954,9lMEAAAAMBAJ
23 Aug 1954,IVQEAAAAMBAJ
30 Aug 1954,R1QEAAAAMBAJ
6 Sep 1954,I1QEAAAAMBAJ
13 Sep 1954,_1MEAAAAMBAJ
20 Sep 1954,_lMEAAAAMBAJ
27 Sep 1954,yVQEAAAAMBAJ
4 Oct 1954,X1IEAAAAMBAJ
11 Oct 1954,aVIEAAAAMBAJ
18 Oct 1954,pFIEAAAAMBAJ
25 Oct 1954,oFIEAAAAMBAJ
1 Nov 1954,qVIEAAAAMBAJ
8 Nov 1954,XVIEAAAAMBAJ
15 Nov 1954,YFIEAAAAMBAJ
22 Nov 1954,S1IEAAAAMBAJ
29 Nov 1954,TFIEAAAAMBAJ
6 Dec 1954,VVIEAAAAMBAJ
13 Dec 1954,c1MEAAAAMBAJ
20 Dec 1954,WlMEAAAAMBAJ
27 Dec 1954,MFMEAAAAMBAJ
3 Jan 1955,_VMEAAAAMBAJ
10 Jan 1955,NVQEAAAAMBAJ
17 Jan 1955,HlQEAAAAMBAJ
24 Jan 1955,61MEAAAAMBAJ
31 Jan 1955,5VMEAAAAMBAJ
7 Feb 1955,6VMEAAAAMBAJ
14 Feb 1955,N1QEAAAAMBAJ
21 Feb 1955,LFQEAAAAMBAJ
28 Feb 1955,QlQEAAAAMBAJ
7 Mar 1955,JFQEAAAAMBAJ
14 Mar 1955,A1QEAAAAMBAJ
21 Mar 1955,GVQEAAAAMBAJ
28 Mar 1955,FlQEAAAAMBAJ
4 Apr 1955,s1YEAAAAMBAJ
11 Apr 1955,glYEAAAAMBAJ
18 Apr 1955,4lUEAAAAMBAJ
25 Apr 1955,elYEAAAAMBAJ
2 May 1955,dlYEAAAAMBAJ
9 May 1955,llYEAAAAMBAJ
16 May 1955,h1YEAAAAMBAJ
23 May 1955,rVYEAAAAMBAJ
30 May 1955,kFYEAAAAMBAJ
6 Jun 1955,hlYEAAAAMBAJ
13 Jun 1955,bVYEAAAAMBAJ
20 Jun 1955,RVYEAAAAMBAJ
27 Jun 1955,qlYEAAAAMBAJ
4 Jul 1955,r1YEAAAAMBAJ
11 Jul 1955,olYEAAAAMBAJ
18 Jul 1955,11YEAAAAMBAJ
25 Jul 1955,wlYEAAAAMBAJ
1 Aug 1955,xlYEAAAAMBAJ
8 Aug 1955,ylYEAAAAMBAJ
15 Aug 1955,51YEAAAAMBAJ
22 Aug 1955,71YEAAAAMBAJ
29 Aug 1955,u1YEAAAAMBAJ
5 Sep 1955,3FYEAAAAMBAJ
12 Sep 1955,41YEAAAAMBAJ
19 Sep 1955,t1YEAAAAMBAJ
26 Sep 1955,uFYEAAAAMBAJ
3 Oct 1955,1FQEAAAAMBAJ
10 Oct 1955,2lQEAAAAMBAJ
17 Oct 1955,hFQEAAAAMBAJ
24 Oct 1955,PFUEAAAAMBAJ
31 Oct 1955,DFUEAAAAMBAJ
7 Nov 1955,xFQEAAAAMBAJ
14 Nov 1955,zVQEAAAAMBAJ
21 Nov 1955,slQEAAAAMBAJ
28 Nov 1955,s1QEAAAAMBAJ
5 Dec 1955,iD8EAAAAMBAJ
12 Dec 1955,fD8EAAAAMBAJ
19 Dec 1955,dj8EAAAAMBAJ
26 Dec 1955,HD8EAAAAMBAJ
9 Jan 1956,ez8EAAAAMBAJ
16 Jan 1956,fz8EAAAAMBAJ
23 Jan 1956,hD8EAAAAMBAJ
30 Jan 1956,gT8EAAAAMBAJ
6 Feb 1956,gz8EAAAAMBAJ
13 Feb 1956,iT8EAAAAMBAJ
20 Feb 1956,QVUEAAAAMBAJ
27 Feb 1956,JlcEAAAAMBAJ
5 Mar 1956,81YEAAAAMBAJ
12 Mar 1956,-1YEAAAAMBAJ
19 Mar 1956,6FYEAAAAMBAJ
26 Mar 1956,wFQEAAAAMBAJ
2 Apr 1956,OE8EAAAAMBAJ
9 Apr 1956,Qk8EAAAAMBAJ
16 Apr 1956,Pk8EAAAAMBAJ
23 Apr 1956,SE8EAAAAMBAJ
30 Apr 1956,R08EAAAAMBAJ
7 May 1956,V08EAAAAMBAJ
14 May 1956,p0wEAAAAMBAJ
21 May 1956,q0gEAAAAMBAJ
28 May 1956,qkgEAAAAMBAJ
4 Jun 1956,oEgEAAAAMBAJ
11 Jun 1956,-kgEAAAAMBAJ
18 Jun 1956,-0gEAAAAMBAJ
25 Jun 1956,70gEAAAAMBAJ
2 Jul 1956,7UgEAAAAMBAJ
9 Jul 1956,6UgEAAAAMBAJ
16 Jul 1956,5kgEAAAAMBAJ
23 Jul 1956,5EgEAAAAMBAJ
30 Jul 1956,cUgEAAAAMBAJ
6 Aug 1956,cEgEAAAAMBAJ
13 Aug 1956,ekgEAAAAMBAJ
20 Aug 1956,eEgEAAAAMBAJ
27 Aug 1956,6UcEAAAAMBAJ
3 Sep 1956,9EcEAAAAMBAJ
10 Sep 1956,90cEAAAAMBAJ
17 Sep 1956,6kcEAAAAMBAJ
24 Sep 1956,70cEAAAAMBAJ
1 Oct 1956,sEEEAAAAMBAJ
8 Oct 1956,sUEEAAAAMBAJ
15 Oct 1956,u0EEAAAAMBAJ
22 Oct 1956,tEEEAAAAMBAJ
29 Oct 1956,s0EEAAAAMBAJ
5 Nov 1956,wEEEAAAAMBAJ
12 Nov 1956,vkEEAAAAMBAJ
19 Nov 1956,vUEEAAAAMBAJ
26 Nov 1956,wkEEAAAAMBAJ
3 Dec 1956,xkEEAAAAMBAJ
10 Dec 1956,x0EEAAAAMBAJ
17 Dec 1956,K0IEAAAAMBAJ
24 Dec 1956,00EEAAAAMBAJ
7 Jan 1957,8lYEAAAAMBAJ
14 Jan 1957,P1QEAAAAMBAJ
21 Jan 1957,PFQEAAAAMBAJ
28 Jan 1957,K1QEAAAAMBAJ
4 Feb 1957,KFQEAAAAMBAJ
11 Feb 1957,BVQEAAAAMBAJ
18 Feb 1957,DFQEAAAAMBAJ
25 Feb 1957,rEEEAAAAMBAJ
4 Mar 1957,rUEEAAAAMBAJ
11 Mar 1957,IEIEAAAAMBAJ
18 Mar 1957,rkEEAAAAMBAJ
25 Mar 1957,40EEAAAAMBAJ
1 Apr 1957,7kwEAAAAMBAJ
8 Apr 1957,8EwEAAAAMBAJ
15 Apr 1957,XEoEAAAAMBAJ
22 Apr 1957,jUkEAAAAMBAJ
29 Apr 1957,PEkEAAAAMBAJ
6 May 1957,KD8EAAAAMBAJ
13 May 1957,Jj8EAAAAMBAJ
20 May 1957,JD8EAAAAMBAJ
27 May 1957,Mj8EAAAAMBAJ
3 Jun 1957,Nj8EAAAAMBAJ
10 Jun 1957,Nz8EAAAAMBAJ
17 Jun 1957,Hj8EAAAAMBAJ
24 Jun 1957,IT8EAAAAMBAJ
1 Jul 1957,ID8EAAAAMBAJ
8 Jul 1957,Iz8EAAAAMBAJ
15 Jul 1957,KT8EAAAAMBAJ
22 Jul 1957,Mz8EAAAAMBAJ
29 Jul 1957,MT8EAAAAMBAJ
5 Aug 1957,Lj8EAAAAMBAJ
12 Aug 1957,LT8EAAAAMBAJ
19 Aug 1957,Kj8EAAAAMBAJ
26 Aug 1957,VT8EAAAAMBAJ
2 Sep 1957,UD8EAAAAMBAJ
9 Sep 1957,UT8EAAAAMBAJ
16 Sep 1957,VD8EAAAAMBAJ
23 Sep 1957,PD8EAAAAMBAJ
30 Sep 1957,PT8EAAAAMBAJ
7 Oct 1957,ZFYEAAAAMBAJ
14 Oct 1957,m1YEAAAAMBAJ
21 Oct 1957,QFYEAAAAMBAJ
28 Oct 1957,5lYEAAAAMBAJ
4 Nov 1957,slYEAAAAMBAJ
11 Nov 1957,tVYEAAAAMBAJ
18 Nov 1957,vVYEAAAAMBAJ
25 Nov 1957,pFYEAAAAMBAJ
2 Dec 1957,j1YEAAAAMBAJ
9 Dec 1957,xlUEAAAAMBAJ
16 Dec 1957,1FUEAAAAMBAJ
23 Dec 1957,yFUEAAAAMBAJ
6 Jan 1958,TlYEAAAAMBAJ
13 Jan 1958,N1YEAAAAMBAJ
20 Jan 1958,VFYEAAAAMBAJ
27 Jan 1958,5VUEAAAAMBAJ
3 Feb 1958,xFUEAAAAMBAJ
10 Feb 1958,zFUEAAAAMBAJ
17 Feb 1958,y1UEAAAAMBAJ
24 Feb 1958,MFYEAAAAMBAJ
3 Mar 1958,FVYEAAAAMBAJ
10 Mar 1958,DFYEAAAAMBAJ
17 Mar 1958,SlYEAAAAMBAJ
24 Mar 1958,PlYEAAAAMBAJ
31 Mar 1958,S1YEAAAAMBAJ
7 Apr 1958,sFMEAAAAMBAJ
14 Apr 1958,uFMEAAAAMBAJ
21 Apr 1958,hFMEAAAAMBAJ
28 Apr 1958,11MEAAAAMBAJ
5 May 1958,uVMEAAAAMBAJ
12 May 1958,vFMEAAAAMBAJ
19 May 1958,wFMEAAAAMBAJ
26 May 1958,vVMEAAAAMBAJ
2 Jun 1958,xFMEAAAAMBAJ
9 Jun 1958,fFMEAAAAMBAJ
16 Jun 1958,E0oEAAAAMBAJ
23 Jun 1958,zlMEAAAAMBAJ
30 Jun 1958,t1MEAAAAMBAJ
7 Jul 1958,0FMEAAAAMBAJ
14 Jul 1958,0lMEAAAAMBAJ
21 Jul 1958,1FMEAAAAMBAJ
28 Jul 1958,zVMEAAAAMBAJ
4 Aug 1958,k1MEAAAAMBAJ
11 Aug 1958,ylMEAAAAMBAJ
18 Aug 1958,xlMEAAAAMBAJ
25 Aug 1958,e1MEAAAAMBAJ
1 Sep 1958,yVMEAAAAMBAJ
8 Sep 1958,rVMEAAAAMBAJ
15 Sep 1958,rFMEAAAAMBAJ
22 Sep 1958,a1MEAAAAMBAJ
29 Sep 1958,aVMEAAAAMBAJ
6 Oct 1958,cz8EAAAAMBAJ
13 Oct 1958,cj8EAAAAMBAJ
20 Oct 1958,eT8EAAAAMBAJ
27 Oct 1958,eD8EAAAAMBAJ
3 Nov 1958,dz8EAAAAMBAJ
10 Nov 1958,bj8EAAAAMBAJ
17 Nov 1958,aT8EAAAAMBAJ
24 Nov 1958,aD8EAAAAMBAJ
1 Dec 1958,ZD8EAAAAMBAJ
8 Dec 1958,Yz8EAAAAMBAJ
15 Dec 1958,YD8EAAAAMBAJ
22 Dec 1958,Yj8EAAAAMBAJ
5 Jan 1959,Gj8EAAAAMBAJ
12 Jan 1959,XT8EAAAAMBAJ
19 Jan 1959,Wz8EAAAAMBAJ
26 Jan 1959,dlQEAAAAMBAJ
2 Feb 1959,NUgEAAAAMBAJ
9 Feb 1959,4EUEAAAAMBAJ
16 Feb 1959,30UEAAAAMBAJ
23 Feb 1959,L0gEAAAAMBAJ
2 Mar 1959,jkkEAAAAMBAJ
9 Mar 1959,D1IEAAAAMBAJ
16 Mar 1959,DlIEAAAAMBAJ
23 Mar 1959,EFIEAAAAMBAJ
30 Mar 1959,EVIEAAAAMBAJ
6 Apr 1959,o0kEAAAAMBAJ
13 Apr 1959,VkgEAAAAMBAJ
20 Apr 1959,W0gEAAAAMBAJ
27 Apr 1959,XkgEAAAAMBAJ
4 May 1959,YEgEAAAAMBAJ
11 May 1959,g0gEAAAAMBAJ
18 May 1959,vUgEAAAAMBAJ
25 May 1959,tkgEAAAAMBAJ
1 Jun 1959,YEkEAAAAMBAJ
8 Jun 1959,gkkEAAAAMBAJ
15 Jun 1959,F0oEAAAAMBAJ
22 Jun 1959,nkgEAAAAMBAJ
29 Jun 1959,lkgEAAAAMBAJ
6 Jul 1959,lUgEAAAAMBAJ
13 Jul 1959,mkgEAAAAMBAJ
20 Jul 1959,oUgEAAAAMBAJ
27 Jul 1959,EEoEAAAAMBAJ
3 Aug 1959,80kEAAAAMBAJ
10 Aug 1959,2UkEAAAAMBAJ
17 Aug 1959,R0gEAAAAMBAJ
24 Aug 1959,SkgEAAAAMBAJ
31 Aug 1959,TEgEAAAAMBAJ
7 Sep 1959,bUkEAAAAMBAJ
14 Sep 1959,BUoEAAAAMBAJ
21 Sep 1959,u0gEAAAAMBAJ
28 Sep 1959,cEkEAAAAMBAJ
5 Oct 1959,rkwEAAAAMBAJ
12 Oct 1959,OFQEAAAAMBAJ
19 Oct 1959,JVUEAAAAMBAJ
26 Oct 1959,M1UEAAAAMBAJ
2 Nov 1959,RFUEAAAAMBAJ
9 Nov 1959,TlUEAAAAMBAJ
16 Nov 1959,RVUEAAAAMBAJ
23 Nov 1959,XlUEAAAAMBAJ
30 Nov 1959,T1UEAAAAMBAJ
7 Dec 1959,_koEAAAAMBAJ
14 Dec 1959,-0oEAAAAMBAJ
21 Dec 1959,b1UEAAAAMBAJ
28 Dec 1959,e1UEAAAAMBAJ
11 Jan 1960,dlUEAAAAMBAJ
18 Jan 1960,OlUEAAAAMBAJ
25 Jan 1960,8UoEAAAAMBAJ
1 Feb 1960,70oEAAAAMBAJ
8 Feb 1960,-EoEAAAAMBAJ
15 Feb 1960,90oEAAAAMBAJ
22 Feb 1960,gFUEAAAAMBAJ
29 Feb 1960,ZFUEAAAAMBAJ
7 Mar 1960,cVUEAAAAMBAJ
14 Mar 1960,blUEAAAAMBAJ
21 Mar 1960,cFUEAAAAMBAJ
28 Mar 1960,dVUEAAAAMBAJ
4 Apr 1960,G08EAAAAMBAJ
11 Apr 1960,Kk8EAAAAMBAJ
18 Apr 1960,NE8EAAAAMBAJ
25 Apr 1960,Q08EAAAAMBAJ
2 May 1960,ok4EAAAAMBAJ
9 May 1960,81AEAAAAMBAJ
16 May 1960,-U4EAAAAMBAJ
23 May 1960,3k4EAAAAMBAJ
30 May 1960,7U4EAAAAMBAJ
6 Jun 1960,AE8EAAAAMBAJ
13 Jun 1960,3E4EAAAAMBAJ
20 Jun 1960,5k4EAAAAMBAJ
27 Jun 1960,7E4EAAAAMBAJ
4 Jul 1960,7k4EAAAAMBAJ
11 Jul 1960,N08EAAAAMBAJ
18 Jul 1960,U08EAAAAMBAJ
25 Jul 1960,UE8EAAAAMBAJ
1 Aug 1960,S08EAAAAMBAJ
8 Aug 1960,T08EAAAAMBAJ
15 Aug 1960,WU8EAAAAMBAJ
22 Aug 1960,Ek8EAAAAMBAJ
29 Aug 1960,EU8EAAAAMBAJ
5 Sep 1960,GE8EAAAAMBAJ
12 Sep 1960,EE8EAAAAMBAJ
19 Sep 1960,HU8EAAAAMBAJ
26 Sep 1960,H08EAAAAMBAJ
3 Oct 1960,ykQEAAAAMBAJ
10 Oct 1960,wEQEAAAAMBAJ
17 Oct 1960,v0QEAAAAMBAJ
24 Oct 1960,TkEEAAAAMBAJ
31 Oct 1960,9E0EAAAAMBAJ
7 Nov 1960,9k0EAAAAMBAJ
14 Nov 1960,4k0EAAAAMBAJ
21 Nov 1960,5E0EAAAAMBAJ
28 Nov 1960,0U0EAAAAMBAJ
5 Dec 1960,900EAAAAMBAJ
12 Dec 1960,6U0EAAAAMBAJ
19 Dec 1960,0k0EAAAAMBAJ
26 Dec 1960,-1QEAAAAMBAJ
6 Jan 1961,yEUEAAAAMBAJ
13 Jan 1961,zUUEAAAAMBAJ
20 Jan 1961,U0kEAAAAMBAJ
27 Jan 1961,1UUEAAAAMBAJ
3 Feb 1961,zkUEAAAAMBAJ
10 Feb 1961,20UEAAAAMBAJ
17 Feb 1961,0UUEAAAAMBAJ
24 Feb 1961,zkgEAAAAMBAJ
3 Mar 1961,wUUEAAAAMBAJ
10 Mar 1961,xEUEAAAAMBAJ
17 Mar 1961,vUUEAAAAMBAJ
24 Mar 1961,2kUEAAAAMBAJ
31 Mar 1961,m0kEAAAAMBAJ
7 Apr 1961,-FEEAAAAMBAJ
14 Apr 1961,9lEEAAAAMBAJ
21 Apr 1961,9FEEAAAAMBAJ
28 Apr 1961,7FAEAAAAMBAJ
5 May 1961,qE8EAAAAMBAJ
12 May 1961,p08EAAAAMBAJ
19 May 1961,rE8EAAAAMBAJ
26 May 1961,rk8EAAAAMBAJ
2 Jun 1961,AFIEAAAAMBAJ
9 Jun 1961,AVIEAAAAMBAJ
16 Jun 1961,olQEAAAAMBAJ
23 Jun 1961,qVQEAAAAMBAJ
30 Jun 1961,V1QEAAAAMBAJ
7 Jul 1961,WFQEAAAAMBAJ
14 Jul 1961,glQEAAAAMBAJ
21 Jul 1961,ilQEAAAAMBAJ
28 Jul 1961,nlQEAAAAMBAJ
4 Aug 1961,XFQEAAAAMBAJ
11 Aug 1961,W1QEAAAAMBAJ
18 Aug 1961,oFQEAAAAMBAJ
25 Aug 1961,q1QEAAAAMBAJ
1 Sep 1961,rVQEAAAAMBAJ
8 Sep 1961,tlQEAAAAMBAJ
15 Sep 1961,nVQEAAAAMBAJ
22 Sep 1961,kVQEAAAAMBAJ
29 Sep 1961,lVQEAAAAMBAJ
6 Oct 1961,01MEAAAAMBAJ
13 Oct 1961,slMEAAAAMBAJ
20 Oct 1961,sVMEAAAAMBAJ
27 Oct 1961,g1MEAAAAMBAJ
3 Nov 1961,flMEAAAAMBAJ
10 Nov 1961,4VMEAAAAMBAJ
17 Nov 1961,6FMEAAAAMBAJ
24 Nov 1961,oVMEAAAAMBAJ
1 Dec 1961,AVQEAAAAMBAJ
8 Dec 1961,jlMEAAAAMBAJ
15 Dec 1961,l1MEAAAAMBAJ
22 Dec 1961,blMEAAAAMBAJ
5 Jan 1962,nE0EAAAAMBAJ
12 Jan 1962,nU0EAAAAMBAJ
19 Jan 1962,l00EAAAAMBAJ
26 Jan 1962,m00EAAAAMBAJ
2 Feb 1962,k00EAAAAMBAJ
9 Feb 1962,gE0EAAAAMBAJ
16 Feb 1962,h00EAAAAMBAJ
23 Feb 1962,i00EAAAAMBAJ
2 Mar 1962,kE0EAAAAMBAJ
9 Mar 1962,RlUEAAAAMBAJ
16 Mar 1962,7lYEAAAAMBAJ
23 Mar 1962,SlUEAAAAMBAJ
30 Mar 1962,21QEAAAAMBAJ
6 Apr 1962,bU4EAAAAMBAJ
13 Apr 1962,lk4EAAAAMBAJ
20 Apr 1962,WE4EAAAAMBAJ
27 Apr 1962,x04EAAAAMBAJ
4 May 1962,3U4EAAAAMBAJ
11 May 1962,1k0EAAAAMBAJ
18 May 1962,A1IEAAAAMBAJ
25 May 1962,2k4EAAAAMBAJ
1 Jun 1962,BlIEAAAAMBAJ
8 Jun 1962,BVIEAAAAMBAJ
15 Jun 1962,CFIEAAAAMBAJ
22 Jun 1962,B1IEAAAAMBAJ
29 Jun 1962,_E0EAAAAMBAJ
6 Jul 1962,-U0EAAAAMBAJ
13 Jul 1962,Pk4EAAAAMBAJ
20 Jul 1962,KE4EAAAAMBAJ
27 Jul 1962,LE4EAAAAMBAJ
3 Aug 1962,JU4EAAAAMBAJ
10 Aug 1962,Hk4EAAAAMBAJ
17 Aug 1962,JE4EAAAAMBAJ
24 Aug 1962,DU4EAAAAMBAJ
31 Aug 1962,Fk4EAAAAMBAJ
7 Sep 1962,-k0EAAAAMBAJ
14 Sep 1962,z00EAAAAMBAJ
21 Sep 1962,000EAAAAMBAJ
28 Sep 1962,300EAAAAMBAJ
5 Oct 1962,eVUEAAAAMBAJ
12 Oct 1962,fVUEAAAAMBAJ
19 Oct 1962,fFUEAAAAMBAJ
26 Oct 1962,gVUEAAAAMBAJ
2 Nov 1962,n0oEAAAAMBAJ
9 Nov 1962,qUoEAAAAMBAJ
16 Nov 1962,rEoEAAAAMBAJ
23 Nov 1962,rkoEAAAAMBAJ
30 Nov 1962,rUoEAAAAMBAJ
7 Dec 1962,oEoEAAAAMBAJ
14 Dec 1962,l0oEAAAAMBAJ
21 Dec 1962,m0oEAAAAMBAJ
4 Jan 1963,3UcEAAAAMBAJ
11 Jan 1963,3kcEAAAAMBAJ
18 Jan 1963,lUEEAAAAMBAJ
25 Jan 1963,EEgEAAAAMBAJ
1 Feb 1963,pEEEAAAAMBAJ
8 Feb 1963,o0EEAAAAMBAJ
15 Feb 1963,n0EEAAAAMBAJ
22 Feb 1963,Nk8EAAAAMBAJ
1 Mar 1963,Ik8EAAAAMBAJ
8 Mar 1963,oU8EAAAAMBAJ
15 Mar 1963,F08EAAAAMBAJ
22 Mar 1963,lEwEAAAAMBAJ
29 Mar 1963,pkwEAAAAMBAJ
5 Apr 1963,TkkEAAAAMBAJ
12 Apr 1963,VkkEAAAAMBAJ
19 Apr 1963,XEkEAAAAMBAJ
26 Apr 1963,RkkEAAAAMBAJ
3 May 1963,QkkEAAAAMBAJ
10 May 1963,P0kEAAAAMBAJ
17 May 1963,2kgEAAAAMBAJ
24 May 1963,mEkEAAAAMBAJ
31 May 1963,lkkEAAAAMBAJ
7 Jun 1963,k0kEAAAAMBAJ
14 Jun 1963,30sEAAAAMBAJ
21 Jun 1963,xEsEAAAAMBAJ
28 Jun 1963,00sEAAAAMBAJ
5 Jul 1963,KVIEAAAAMBAJ
12 Jul 1963,K1IEAAAAMBAJ
19 Jul 1963,MlIEAAAAMBAJ
26 Jul 1963,JlIEAAAAMBAJ
2 Aug 1963,I1IEAAAAMBAJ
9 Aug 1963,IlIEAAAAMBAJ
16 Aug 1963,H1IEAAAAMBAJ
23 Aug 1963,HFIEAAAAMBAJ
30 Aug 1963,GlIEAAAAMBAJ
6 Sep 1963,blIEAAAAMBAJ
13 Sep 1963,N1IEAAAAMBAJ
20 Sep 1963,e1IEAAAAMBAJ
27 Sep 1963,NFIEAAAAMBAJ
4 Oct 1963,uFIEAAAAMBAJ
11 Oct 1963,WFIEAAAAMBAJ
18 Oct 1963,XlIEAAAAMBAJ
25 Oct 1963,UlIEAAAAMBAJ
1 Nov 1963,VlIEAAAAMBAJ
8 Nov 1963,RVIEAAAAMBAJ
15 Nov 1963,RlIEAAAAMBAJ
22 Nov 1963,SVIEAAAAMBAJ
29 Nov 1963,U1IEAAAAMBAJ
6 Dec 1963,T1IEAAAAMBAJ
13 Dec 1963,SlIEAAAAMBAJ
20 Dec 1963,ZlIEAAAAMBAJ
3 Jan 1964,TlQEAAAAMBAJ
10 Jan 1964,ElQEAAAAMBAJ
17 Jan 1964,8FMEAAAAMBAJ
24 Jan 1964,-lMEAAAAMBAJ
31 Jan 1964,_FMEAAAAMBAJ
7 Feb 1964,GFQEAAAAMBAJ
14 Feb 1964,RVQEAAAAMBAJ
21 Feb 1964,SVQEAAAAMBAJ
28 Feb 1964,TFQEAAAAMBAJ
6 Mar 1964,NFQEAAAAMBAJ
13 Mar 1964,HVQEAAAAMBAJ
20 Mar 1964,S1QEAAAAMBAJ
27 Mar 1964,AFQEAAAAMBAJ
3 Apr 1964,oUEEAAAAMBAJ
10 Apr 1964,D0gEAAAAMBAJ
17 Apr 1964,qUEEAAAAMBAJ
24 Apr 1964,-UcEAAAAMBAJ
1 May 1964,80cEAAAAMBAJ
8 May 1964,lkEEAAAAMBAJ
15 May 1964,nkEEAAAAMBAJ
22 May 1964,YUEEAAAAMBAJ
29 May 1964,YEEEAAAAMBAJ
5 Jun 1964,XUEEAAAAMBAJ
12 Jun 1964,W0EEAAAAMBAJ
19 Jun 1964,GUgEAAAAMBAJ
26 Jun 1964,qEEEAAAAMBAJ
3 Jul 1964,nEEEAAAAMBAJ
10 Jul 1964,mkEEAAAAMBAJ
17 Jul 1964,ikkEAAAAMBAJ
24 Jul 1964,g0kEAAAAMBAJ
31 Jul 1964,e0kEAAAAMBAJ
7 Aug 1964,eUkEAAAAMBAJ
14 Aug 1964,cUkEAAAAMBAJ
21 Aug 1964,ZkkEAAAAMBAJ
28 Aug 1964,YUkEAAAAMBAJ
4 Sep 1964,8kUEAAAAMBAJ
11 Sep 1964,9EgEAAAAMBAJ
18 Sep 1964,-EgEAAAAMBAJ
25 Sep 1964,rUwEAAAAMBAJ
2 Oct 1964,UUgEAAAAMBAJ
9 Oct 1964,NEgEAAAAMBAJ
16 Oct 1964,Q0gEAAAAMBAJ
23 Oct 1964,OEgEAAAAMBAJ
30 Oct 1964,o0gEAAAAMBAJ
6 Nov 1964,rkgEAAAAMBAJ
13 Nov 1964,r0gEAAAAMBAJ
20 Nov 1964,4U0EAAAAMBAJ
27 Nov 1964,M0gEAAAAMBAJ
4 Dec 1964,olEEAAAAMBAJ
11 Dec 1964,nlEEAAAAMBAJ
18 Dec 1964,kFEEAAAAMBAJ
25 Dec 1964,BU4EAAAAMBAJ
8 Jan 1965,yEgEAAAAMBAJ
15 Jan 1965,tUgEAAAAMBAJ
22 Jan 1965,x0gEAAAAMBAJ
29 Jan 1965,00gEAAAAMBAJ
5 Feb 1965,w0gEAAAAMBAJ
12 Feb 1965,m0gEAAAAMBAJ
19 Feb 1965,KUEEAAAAMBAJ
26 Feb 1965,KEEEAAAAMBAJ
5 Mar 1965,KkEEAAAAMBAJ
12 Mar 1965,JkEEAAAAMBAJ
19 Mar 1965,JUEEAAAAMBAJ
26 Mar 1965,U0AEAAAAMBAJ
2 Apr 1965,6lIEAAAAMBAJ
9 Apr 1965,RVMEAAAAMBAJ
16 Apr 1965,RlMEAAAAMBAJ
23 Apr 1965,S1MEAAAAMBAJ
30 Apr 1965,UVMEAAAAMBAJ
7 May 1965,TVMEAAAAMBAJ
14 May 1965,QFMEAAAAMBAJ
21 May 1965,NVMEAAAAMBAJ
28 May 1965,8FIEAAAAMBAJ
4 Jun 1965,8VIEAAAAMBAJ
11 Jun 1965,61IEAAAAMBAJ
18 Jun 1965,alMEAAAAMBAJ
25 Jun 1965,MlMEAAAAMBAJ
2 Jul 1965,T1MEAAAAMBAJ
9 Jul 1965,R1MEAAAAMBAJ
16 Jul 1965,P1MEAAAAMBAJ
23 Jul 1965,PVMEAAAAMBAJ
30 Jul 1965,OVMEAAAAMBAJ
6 Aug 1965,PlMEAAAAMBAJ
13 Aug 1965,MVMEAAAAMBAJ
20 Aug 1965,XFMEAAAAMBAJ
27 Aug 1965,WFMEAAAAMBAJ
3 Sep 1965,nVIEAAAAMBAJ
10 Sep 1965,k1IEAAAAMBAJ
17 Sep 1965,7FIEAAAAMBAJ
24 Sep 1965,oVIEAAAAMBAJ
1 Oct 1965,vksEAAAAMBAJ
8 Oct 1965,10sEAAAAMBAJ
15 Oct 1965,nksEAAAAMBAJ
22 Oct 1965,q0sEAAAAMBAJ
29 Oct 1965,sksEAAAAMBAJ
5 Nov 1965,qUsEAAAAMBAJ
12 Nov 1965,rUsEAAAAMBAJ
19 Nov 1965,E0wEAAAAMBAJ
26 Nov 1965,FEwEAAAAMBAJ
3 Dec 1965,EUwEAAAAMBAJ
10 Dec 1965,HkwEAAAAMBAJ
17 Dec 1965,HUwEAAAAMBAJ
24 Dec 1965,EEwEAAAAMBAJ
7 Jan 1966,CkwEAAAAMBAJ
14 Jan 1966,DEwEAAAAMBAJ
21 Jan 1966,B0wEAAAAMBAJ
28 Jan 1966,KEwEAAAAMBAJ
4 Feb 1966,JkwEAAAAMBAJ
11 Feb 1966,JUwEAAAAMBAJ
18 Feb 1966,IEwEAAAAMBAJ
25 Feb 1966,IkwEAAAAMBAJ
4 Mar 1966,LUwEAAAAMBAJ
11 Mar 1966,KkwEAAAAMBAJ
18 Mar 1966,-0sEAAAAMBAJ
25 Mar 1966,-UsEAAAAMBAJ
1 Apr 1966,-lUEAAAAMBAJ
8 Apr 1966,9VUEAAAAMBAJ
15 Apr 1966,-VUEAAAAMBAJ
22 Apr 1966,IlYEAAAAMBAJ
29 Apr 1966,BVYEAAAAMBAJ
6 May 1966,F1YEAAAAMBAJ
13 May 1966,IVYEAAAAMBAJ
20 May 1966,LlYEAAAAMBAJ
27 May 1966,XVYEAAAAMBAJ
3 Jun 1966,WFYEAAAAMBAJ
10 Jun 1966,rlUEAAAAMBAJ
17 Jun 1966,pVUEAAAAMBAJ
24 Jun 1966,o1UEAAAAMBAJ
1 Jul 1966,oVUEAAAAMBAJ
8 Jul 1966,oFUEAAAAMBAJ
15 Jul 1966,olUEAAAAMBAJ
22 Jul 1966,JlYEAAAAMBAJ
29 Jul 1966,KFYEAAAAMBAJ
5 Aug 1966,_VUEAAAAMBAJ
12 Aug 1966,ClYEAAAAMBAJ
19 Aug 1966,qlUEAAAAMBAJ
26 Aug 1966,5lUEAAAAMBAJ
2 Sep 1966,61UEAAAAMBAJ
9 Sep 1966,21UEAAAAMBAJ
16 Sep 1966,ilUEAAAAMBAJ
23 Sep 1966,iFUEAAAAMBAJ
30 Sep 1966,kVUEAAAAMBAJ
7 Oct 1966,jFYEAAAAMBAJ
14 Oct 1966,lFYEAAAAMBAJ
21 Oct 1966,zkwEAAAAMBAJ
28 Oct 1966,-lIEAAAAMBAJ
4 Nov 1966,EFMEAAAAMBAJ
11 Nov 1966,D1MEAAAAMBAJ
18 Nov 1966,DlMEAAAAMBAJ
25 Nov 1966,DFMEAAAAMBAJ
2 Dec 1966,CFMEAAAAMBAJ
9 Dec 1966,BlMEAAAAMBAJ
16 Dec 1966,BVMEAAAAMBAJ
23 Dec 1966,FFMEAAAAMBAJ
6 Jan 1967,i1YEAAAAMBAJ
13 Jan 1967,a1YEAAAAMBAJ
20 Jan 1967,YlYEAAAAMBAJ
27 Jan 1967,aVYEAAAAMBAJ
3 Feb 1967,b1YEAAAAMBAJ
10 Feb 1967,eFYEAAAAMBAJ
17 Feb 1967,XlYEAAAAMBAJ
24 Feb 1967,YVYEAAAAMBAJ
3 Mar 1967,n1YEAAAAMBAJ
10 Mar 1967,plYEAAAAMBAJ
17 Mar 1967,qVYEAAAAMBAJ
24 Mar 1967,sFYEAAAAMBAJ
31 Mar 1967,rFYEAAAAMBAJ
7 Apr 1967,-1UEAAAAMBAJ
14 Apr 1967,H1YEAAAAMBAJ
21 Apr 1967,GFYEAAAAMBAJ
28 Apr 1967,GlYEAAAAMBAJ
5 May 1967,NFYEAAAAMBAJ
12 May 1967,K1YEAAAAMBAJ
19 May 1967,TVYEAAAAMBAJ
26 May 1967,PVYEAAAAMBAJ
Jun 1967,vVUEAAAAMBAJ
2 Jun 1967,fFYEAAAAMBAJ
9 Jun 1967,L1YEAAAAMBAJ
16 Jun 1967,lVYEAAAAMBAJ
23 Jun 1967,wlUEAAAAMBAJ
30 Jun 1967,zlUEAAAAMBAJ
7 Jul 1967,x1UEAAAAMBAJ
14 Jul 1967,zVUEAAAAMBAJ
21 Jul 1967,7VUEAAAAMBAJ
28 Jul 1967,1lUEAAAAMBAJ
4 Aug 1967,51UEAAAAMBAJ
11 Aug 1967,3lUEAAAAMBAJ
18 Aug 1967,DlYEAAAAMBAJ
25 Aug 1967,Q1YEAAAAMBAJ
1 Sep 1967,UFYEAAAAMBAJ
8 Sep 1967,T1YEAAAAMBAJ
15 Sep 1967,WlYEAAAAMBAJ
22 Sep 1967,QlYEAAAAMBAJ
29 Sep 1967,clYEAAAAMBAJ
6 Oct 1967,2UwEAAAAMBAJ
13 Oct 1967,OUkEAAAAMBAJ
20 Oct 1967,QUkEAAAAMBAJ
27 Oct 1967,SEkEAAAAMBAJ
3 Nov 1967,VUkEAAAAMBAJ
10 Nov 1967,XkkEAAAAMBAJ
17 Nov 1967,bEkEAAAAMBAJ
24 Nov 1967,eEkEAAAAMBAJ
1 Dec 1967,4EwEAAAAMBAJ
8 Dec 1967,3EwEAAAAMBAJ
15 Dec 1967,cEoEAAAAMBAJ
22 Dec 1967,a0oEAAAAMBAJ
1968,01QEAAAAMBAJ
5 Jan 1968,cUoEAAAAMBAJ
12 Jan 1968,XkoEAAAAMBAJ
19 Jan 1968,XUoEAAAAMBAJ
26 Jan 1968,YEoEAAAAMBAJ
2 Feb 1968,NkkEAAAAMBAJ
9 Feb 1968,K0kEAAAAMBAJ
16 Feb 1968,N0kEAAAAMBAJ
23 Feb 1968,c0oEAAAAMBAJ
1 Mar 1968,4UwEAAAAMBAJ
8 Mar 1968,50wEAAAAMBAJ
15 Mar 1968,5EwEAAAAMBAJ
22 Mar 1968,5kwEAAAAMBAJ
29 Mar 1968,6UwEAAAAMBAJ
5 Apr 1968,41QEAAAAMBAJ
12 Apr 1968,v1QEAAAAMBAJ
19 Apr 1968,2FQEAAAAMBAJ
26 Apr 1968,ylQEAAAAMBAJ
3 May 1968,CVUEAAAAMBAJ
10 May 1968,8lQEAAAAMBAJ
17 May 1968,BVUEAAAAMBAJ
24 May 1968,D1UEAAAAMBAJ
31 May 1968,DVUEAAAAMBAJ
7 Jun 1968,3lQEAAAAMBAJ
14 Jun 1968,r1QEAAAAMBAJ
21 Jun 1968,2VQEAAAAMBAJ
28 Jun 1968,xlQEAAAAMBAJ
5 Jul 1968,Pj8EAAAAMBAJ
12 Jul 1968,QD8EAAAAMBAJ
19 Jul 1968,QT8EAAAAMBAJ
26 Jul 1968,Qz8EAAAAMBAJ
2 Aug 1968,ST8EAAAAMBAJ
9 Aug 1968,RT8EAAAAMBAJ
16 Aug 1968,Sj8EAAAAMBAJ
23 Aug 1968,bD8EAAAAMBAJ
30 Aug 1968,iz8EAAAAMBAJ
6 Sep 1968,jT8EAAAAMBAJ
13 Sep 1968,Vz8EAAAAMBAJ
20 Sep 1968,az8EAAAAMBAJ
27 Sep 1968,WD8EAAAAMBAJ
4 Oct 1968,7lMEAAAAMBAJ
11 Oct 1968,9VMEAAAAMBAJ
18 Oct 1968,KlQEAAAAMBAJ
25 Oct 1968,8VMEAAAAMBAJ
1 Nov 1968,FUkEAAAAMBAJ
8 Nov 1968,71MEAAAAMBAJ
15 Nov 1968,CVQEAAAAMBAJ
22 Nov 1968,-VMEAAAAMBAJ
29 Nov 1968,81MEAAAAMBAJ
6 Dec 1968,7VMEAAAAMBAJ
13 Dec 1968,QVQEAAAAMBAJ
20 Dec 1968,rVIEAAAAMBAJ
27 Dec 1968,rlIEAAAAMBAJ
10 Jan 1969,qFIEAAAAMBAJ
17 Jan 1969,rFIEAAAAMBAJ
24 Jan 1969,qlIEAAAAMBAJ
31 Jan 1969,ZVIEAAAAMBAJ
7 Feb 1969,s1IEAAAAMBAJ
14 Feb 1969,slIEAAAAMBAJ
21 Feb 1969,sVIEAAAAMBAJ
28 Feb 1969,r1IEAAAAMBAJ
7 Mar 1969,q1IEAAAAMBAJ
14 Mar 1969,t1IEAAAAMBAJ
21 Mar 1969,1FIEAAAAMBAJ
28 Mar 1969,0VIEAAAAMBAJ
4 Apr 1969,kk8EAAAAMBAJ
11 Apr 1969,mE8EAAAAMBAJ
18 Apr 1969,jU8EAAAAMBAJ
25 Apr 1969,jE8EAAAAMBAJ
2 May 1969,iE8EAAAAMBAJ
9 May 1969,h08EAAAAMBAJ
16 May 1969,nEsEAAAAMBAJ
23 May 1969,aU8EAAAAMBAJ
30 May 1969,a08EAAAAMBAJ
6 Jun 1969,bU8EAAAAMBAJ
13 Jun 1969,ak8EAAAAMBAJ
20 Jun 1969,e08EAAAAMBAJ
27 Jun 1969,pE8EAAAAMBAJ
4 Jul 1969,Lk8EAAAAMBAJ
11 Jul 1969,LE8EAAAAMBAJ
18 Jul 1969,K08EAAAAMBAJ
25 Jul 1969,IE8EAAAAMBAJ
Aug 1969,okwEAAAAMBAJ
1 Aug 1969,wEwEAAAAMBAJ
8 Aug 1969,vUwEAAAAMBAJ
11 Aug 1969,oEwEAAAAMBAJ
15 Aug 1969,kEwEAAAAMBAJ
22 Aug 1969,lkwEAAAAMBAJ
29 Aug 1969,j0wEAAAAMBAJ
5 Sep 1969,FU8EAAAAMBAJ
12 Sep 1969,Gk8EAAAAMBAJ
19 Sep 1969,Hk8EAAAAMBAJ
26 Sep 1969,u0wEAAAAMBAJ
3 Oct 1969,CFEEAAAAMBAJ
10 Oct 1969,CVEEAAAAMBAJ
17 Oct 1969,JFAEAAAAMBAJ
24 Oct 1969,e1AEAAAAMBAJ
31 Oct 1969,DFAEAAAAMBAJ
7 Nov 1969,5FAEAAAAMBAJ
14 Nov 1969,4lAEAAAAMBAJ
21 Nov 1969,1VAEAAAAMBAJ
28 Nov 1969,21AEAAAAMBAJ
5 Dec 1969,mFAEAAAAMBAJ
12 Dec 1969,yFAEAAAAMBAJ
19 Dec 1969,n1AEAAAAMBAJ
26 Dec 1969,mlAEAAAAMBAJ
9 Jan 1970,j1AEAAAAMBAJ
23 Jan 1970,gVAEAAAAMBAJ
30 Jan 1970,bFAEAAAAMBAJ
6 Feb 1970,Y1AEAAAAMBAJ
13 Feb 1970,ZlAEAAAAMBAJ
20 Feb 1970,llAEAAAAMBAJ
27 Feb 1970,6lAEAAAAMBAJ
6 Mar 1970,dVAEAAAAMBAJ
13 Mar 1970,qVAEAAAAMBAJ
20 Mar 1970,oFAEAAAAMBAJ
27 Mar 1970,hFAEAAAAMBAJ
3 Apr 1970,klUEAAAAMBAJ
10 Apr 1970,lVUEAAAAMBAJ
17 Apr 1970,lFUEAAAAMBAJ
24 Apr 1970,mVUEAAAAMBAJ
1 May 1970,m1UEAAAAMBAJ
8 May 1970,nVUEAAAAMBAJ
15 May 1970,mlUEAAAAMBAJ
22 May 1970,g1UEAAAAMBAJ
29 May 1970,7lUEAAAAMBAJ
5 Jun 1970,0VUEAAAAMBAJ
12 Jun 1970,3FUEAAAAMBAJ
19 Jun 1970,rVUEAAAAMBAJ
26 Jun 1970,v1UEAAAAMBAJ
4 Jul 1970,h1UEAAAAMBAJ
10 Jul 1970,i1UEAAAAMBAJ
17 Jul 1970,jVUEAAAAMBAJ
24 Jul 1970,sFUEAAAAMBAJ
31 Jul 1970,slUEAAAAMBAJ
7 Aug 1970,tlUEAAAAMBAJ
14 Aug 1970,tVUEAAAAMBAJ
21 Aug 1970,t1UEAAAAMBAJ
28 Aug 1970,ulUEAAAAMBAJ
4 Sep 1970,u1UEAAAAMBAJ
11 Sep 1970,wFUEAAAAMBAJ
18 Sep 1970,8lUEAAAAMBAJ
25 Sep 1970,I1YEAAAAMBAJ
2 Oct 1970,dlMEAAAAMBAJ
9 Oct 1970,YVMEAAAAMBAJ
16 Oct 1970,Y1MEAAAAMBAJ
23 Oct 1970,clMEAAAAMBAJ
30 Oct 1970,p1MEAAAAMBAJ
6 Nov 1970,fVMEAAAAMBAJ
13 Nov 1970,4FMEAAAAMBAJ
20 Nov 1970,2FMEAAAAMBAJ
27 Nov 1970,2VMEAAAAMBAJ
4 Dec 1970,2lMEAAAAMBAJ
11 Dec 1970,1VMEAAAAMBAJ
18 Dec 1970,jVMEAAAAMBAJ
25 Dec 1970,oFMEAAAAMBAJ
8 Jan 1971,nFMEAAAAMBAJ
22 Jan 1971,m1MEAAAAMBAJ
29 Jan 1971,olMEAAAAMBAJ
5 Feb 1971,qFMEAAAAMBAJ
12 Feb 1971,qVMEAAAAMBAJ
19 Feb 1971,3lMEAAAAMBAJ
26 Feb 1971,kVMEAAAAMBAJ
5 Mar 1971,31MEAAAAMBAJ
12 Mar 1971,5FMEAAAAMBAJ
19 Mar 1971,iVMEAAAAMBAJ
26 Mar 1971,iFMEAAAAMBAJ
2 Apr 1971,NUAEAAAAMBAJ
9 Apr 1971,MkAEAAAAMBAJ
16 Apr 1971,M0AEAAAAMBAJ
23 Apr 1971,LkAEAAAAMBAJ
30 Apr 1971,MEAEAAAAMBAJ
7 May 1971,LUAEAAAAMBAJ
14 May 1971,LEAEAAAAMBAJ
21 May 1971,J0AEAAAAMBAJ
28 May 1971,OkEEAAAAMBAJ
4 Jun 1971,Q0EEAAAAMBAJ
11 Jun 1971,REEEAAAAMBAJ
18 Jun 1971,SUEEAAAAMBAJ
25 Jun 1971,SEEEAAAAMBAJ
2 Jul 1971,OUAEAAAAMBAJ
9 Jul 1971,PkAEAAAAMBAJ
16 Jul 1971,b1IEAAAAMBAJ
23 Jul 1971,OEAEAAAAMBAJ
30 Jul 1971,PEAEAAAAMBAJ
6 Aug 1971,QUAEAAAAMBAJ
13 Aug 1971,P0AEAAAAMBAJ
20 Aug 1971,NUEEAAAAMBAJ
27 Aug 1971,RUAEAAAAMBAJ
3 Sep 1971,SkAEAAAAMBAJ
10 Sep 1971,SEAEAAAAMBAJ
17 Sep 1971,TEAEAAAAMBAJ
24 Sep 1971,cFIEAAAAMBAJ
1 Oct 1971,B0AEAAAAMBAJ
8 Oct 1971,C0AEAAAAMBAJ
15 Oct 1971,AUAEAAAAMBAJ
22 Oct 1971,AEAEAAAAMBAJ
29 Oct 1971,_T8EAAAAMBAJ
5 Nov 1971,FkAEAAAAMBAJ
12 Nov 1971,F0AEAAAAMBAJ
19 Nov 1971,GEAEAAAAMBAJ
26 Nov 1971,HEAEAAAAMBAJ
3 Dec 1971,HUAEAAAAMBAJ
10 Dec 1971,3z8EAAAAMBAJ
17 Dec 1971,8D8EAAAAMBAJ
31 Dec 1971,8z8EAAAAMBAJ
14 Jan 1972,CUAEAAAAMBAJ
21 Jan 1972,DkAEAAAAMBAJ
28 Jan 1972,D0AEAAAAMBAJ
4 Feb 1972,EkAEAAAAMBAJ
11 Feb 1972,E0AEAAAAMBAJ
18 Feb 1972,clIEAAAAMBAJ
25 Feb 1972,cVIEAAAAMBAJ
3 Mar 1972,dVIEAAAAMBAJ
10 Mar 1972,d1IEAAAAMBAJ
17 Mar 1972,fFIEAAAAMBAJ
24 Mar 1972,elIEAAAAMBAJ
31 Mar 1972,LVIEAAAAMBAJ
7 Apr 1972,zFQEAAAAMBAJ
14 Apr 1972,xVQEAAAAMBAJ
21 Apr 1972,K1cEAAAAMBAJ
28 Apr 1972,_1YEAAAAMBAJ
5 May 1972,IFcEAAAAMBAJ
12 May 1972,U1UEAAAAMBAJ
19 May 1972,VFUEAAAAMBAJ
26 May 1972,TVUEAAAAMBAJ
2 Jun 1972,ClcEAAAAMBAJ
9 Jun 1972,9lYEAAAAMBAJ
16 Jun 1972,NVcEAAAAMBAJ
23 Jun 1972,JVcEAAAAMBAJ
30 Jun 1972,B1UEAAAAMBAJ
7 Jul 1972,_1QEAAAAMBAJ
14 Jul 1972,G1cEAAAAMBAJ
21 Jul 1972,_FYEAAAAMBAJ
28 Jul 1972,PFcEAAAAMBAJ
4 Aug 1972,KlcEAAAAMBAJ
11 Aug 1972,EVUEAAAAMBAJ
18 Aug 1972,O1QEAAAAMBAJ
25 Aug 1972,X1UEAAAAMBAJ
1 Sep 1972,H1cEAAAAMBAJ
8 Sep 1972,WlUEAAAAMBAJ
15 Sep 1972,9FQEAAAAMBAJ
22 Sep 1972,5VYEAAAAMBAJ
29 Sep 1972,RlcEAAAAMBAJ
6 Oct 1972,aVUEAAAAMBAJ
13 Oct 1972,yFYEAAAAMBAJ
20 Oct 1972,yVYEAAAAMBAJ
27 Oct 1972,ulYEAAAAMBAJ
3 Nov 1972,uVYEAAAAMBAJ
10 Nov 1972,8VQEAAAAMBAJ
17 Nov 1972,7FQEAAAAMBAJ
24 Nov 1972,3FQEAAAAMBAJ
1 Dec 1972,9VQEAAAAMBAJ
8 Dec 1972,-lQEAAAAMBAJ
15 Dec 1972,2VYEAAAAMBAJ
29 Dec 1972,R1cEAAAAMBAJ